scenario,plant_id,controller,variant_id,mean_cost,peak_error,tail_rms_error,tail_growth_ratio,max_abs_u,late_escalation,failure,failure_reason,failure_detail,rank_mean_cost,rank_peak_error,rank_tail_rms_error,rank_tail_growth_ratio,rank_max_abs_u,rank_failure,composite_rank
nominal,stable__no_zero,16_16 (rich11),mlp_rich_default,0.11513681603306457,2.0,0.000160969381446834,0.44574092515572894,2.787435134477652,False,False,,,5.0,4.5,4.0,2.0,6.0,4.5,4.333333333333333
disturbed,stable__no_zero,16_16 (rich11),mlp_rich_default,0.11766923330043993,2.0,0.00838698586256874,4.746968946197175,2.7569040327446466,False,False,,,4.0,4.5,4.0,8.0,4.0,4.5,4.833333333333333
hidden_pole,stable__no_zero,16_16 (rich11),mlp_rich_default,0.1312807104757961,2.0,4.2912446335757936e-05,0.4420955440562967,2.879758317894484,False,False,,,2.0,4.5,3.0,2.0,7.0,4.5,3.8333333333333335
nominal,stable__no_zero,16_16 (compact6),mlp_compact6,0.11714118206870448,2.0,0.0015081079867113635,0.5842578109821478,2.7103050106927378,False,False,,,7.0,4.5,7.0,7.0,3.0,4.5,5.5
disturbed,stable__no_zero,16_16 (compact6),mlp_compact6,0.11971226814628207,2.0,0.011528048288667115,2.1579579217923914,2.704977144920375,False,False,,,8.0,4.5,7.0,2.0,3.0,4.5,4.833333333333333
hidden_pole,stable__no_zero,16_16 (compact6),mlp_compact6,0.13315944341549651,2.0,0.0010662922858712418,0.5821737844057406,2.8173376529412635,False,False,,,6.0,4.5,8.0,7.0,3.0,4.5,5.5
nominal,stable__no_zero,32_32 (rich11),mlp_rich_wide,0.11344277732197255,2.0,0.0015661772900153511,0.6320644311116331,2.858861704965301,False,False,,,1.0,4.5,8.0,8.0,8.0,4.5,5.666666666666667
disturbed,stable__no_zero,32_32 (rich11),mlp_rich_wide,0.11602290109069559,2.0,0.011655264749756306,1.9634209560752918,2.8524811197134294,False,False,,,1.0,4.5,8.0,1.0,8.0,4.5,4.5
hidden_pole,stable__no_zero,32_32 (rich11),mlp_rich_wide,0.13043977251879835,2.0,0.0006912009933576307,0.6304268044867729,2.940529884816712,False,False,,,1.0,4.5,7.0,8.0,8.0,4.5,5.5
nominal,stable__no_zero,32_32 (compact6),mlp_compact6_wide,0.11403833802410296,2.0,0.00011413893499862565,0.4906597109526641,2.7858676532620885,False,False,,,3.0,4.5,3.0,4.0,5.0,4.5,4.0
disturbed,stable__no_zero,32_32 (compact6),mlp_compact6_wide,0.11666996738884183,2.0,0.00828736891556828,3.460882082324299,2.7930012123469936,False,False,,,3.0,4.5,2.0,5.0,6.0,4.5,4.166666666666667
hidden_pole,stable__no_zero,32_32 (compact6),mlp_compact6_wide,0.13170366712932013,2.0,0.00017290225833962167,0.4863442883604272,2.877844177786501,False,False,,,3.0,4.5,5.0,4.0,6.0,4.5,4.5
nominal,stable__no_zero,16_16_16 (rich11),mlp_max,0.11717022564990057,2.0,0.00028884309002300934,0.4733732679386179,2.6529172621804475,False,False,,,8.0,4.5,5.0,3.0,2.0,4.5,4.5
disturbed,stable__no_zero,16_16_16 (rich11),mlp_max,0.11971215951594465,2.0,0.008338102928369959,3.9502633412582195,2.6574814663238673,False,False,,,7.0,4.5,3.0,6.0,2.0,4.5,4.5
hidden_pole,stable__no_zero,16_16_16 (rich11),mlp_max,0.1336849189311439,2.0,8.437095799473524e-05,0.46969584027838623,2.705803893137927,False,False,,,7.0,4.5,4.0,3.0,2.0,4.5,4.166666666666667
nominal,stable__no_zero,16_16_16 (compact6),mlp_compact6_max,0.1164493433676531,2.0,5.759354839804702e-06,0.24432392851657214,2.6166432081631346,False,False,,,6.0,4.5,1.0,1.0,1.0,4.5,3.0
disturbed,stable__no_zero,16_16_16 (compact6),mlp_compact6_max,0.1192560876866742,2.0,0.007651720811920786,4.216454368882862,2.5990184347567826,False,False,,,6.0,4.5,1.0,7.0,1.0,4.5,4.0
hidden_pole,stable__no_zero,16_16_16 (compact6),mlp_compact6_max,0.13431415403395844,2.0,1.104340182055555e-05,0.23553022439138155,2.693687004421753,False,False,,,8.0,4.5,1.0,1.0,1.0,4.5,3.3333333333333335
nominal,stable__no_zero,32_32_32 (rich11),mlp_rich_xl,0.11402929514093742,2.0,9.376117377861398e-05,0.5555398765630012,2.803619564686253,False,False,,,2.0,4.5,2.0,6.0,7.0,4.5,4.333333333333333
disturbed,stable__no_zero,32_32_32 (rich11),mlp_rich_xl,0.11656566876655601,2.0,0.009085380494028064,2.9648433003294445,2.801996255843182,False,False,,,2.0,4.5,6.0,3.0,7.0,4.5,4.5
hidden_pole,stable__no_zero,32_32_32 (rich11),mlp_rich_xl,0.13251665880100533,2.0,0.000573414457411273,0.5527299414253594,2.851658378635919,False,False,,,4.0,4.5,6.0,6.0,4.0,4.5,4.833333333333333
nominal,stable__no_zero,32_32_32 (compact6),mlp_compact6_xl,0.11470189492316075,2.0,0.00036546154984603917,0.5012364210358083,2.7720959651016375,False,False,,,4.0,4.5,6.0,5.0,4.0,4.5,4.666666666666667
disturbed,stable__no_zero,32_32_32 (compact6),mlp_compact6_xl,0.11809276583958787,2.0,0.008725373483363679,3.2607683351128833,2.7799770765146308,False,False,,,5.0,4.5,5.0,4.0,5.0,4.5,4.666666666666667
hidden_pole,stable__no_zero,32_32_32 (compact6),mlp_compact6_xl,0.13264264118070274,2.0,3.599745251851398e-05,0.497285357221395,2.870059241346302,False,False,,,5.0,4.5,2.0,5.0,5.0,4.5,4.333333333333333
nominal,stable__lhp_zero,16_16 (rich11),mlp_rich_default,0.0386938723801094,2.0,0.00014559977543157705,0.47582939630567866,1.2998521759127841,False,False,,,8.0,4.5,8.0,8.0,2.0,4.5,5.833333333333333
disturbed,stable__lhp_zero,16_16 (rich11),mlp_rich_default,0.04150416515389253,2.0,0.0240287656647679,0.624901762217608,1.2813517852514869,False,False,,,7.0,4.5,1.0,3.0,2.0,4.5,3.6666666666666665
hidden_pole,stable__lhp_zero,16_16 (rich11),mlp_rich_default,0.046505113698326606,2.0,6.139992445434025e-05,0.4738737333227097,1.3910153901846496,False,False,,,6.0,4.5,8.0,8.0,2.0,4.5,5.5
nominal,stable__lhp_zero,16_16 (compact6),mlp_compact6,0.03736050336752069,2.0,1.9800672086171417e-11,0.008067128594529118,1.3568062359100503,False,False,,,2.0,4.5,1.0,1.0,4.0,4.5,2.8333333333333335
disturbed,stable__lhp_zero,16_16 (compact6),mlp_compact6,0.03999137762329858,2.0,0.02607702623348586,0.6646520109548135,1.3486679033311482,False,False,,,2.0,4.5,4.0,6.0,4.0,4.5,4.166666666666667
hidden_pole,stable__lhp_zero,16_16 (compact6),mlp_compact6,0.04554653193062854,2.0,1.0735520892090068e-11,0.03380426936182918,1.4917075184404363,False,False,,,2.0,4.5,1.0,2.0,7.0,4.5,3.5
nominal,stable__lhp_zero,32_32 (rich11),mlp_rich_wide,0.03718600505311594,2.0,1.898709609841274e-08,0.10251147621080854,1.3818602249623675,False,False,,,1.0,4.5,4.0,3.0,7.0,4.5,4.0
disturbed,stable__lhp_zero,32_32 (rich11),mlp_rich_wide,0.039984543112053794,2.0,0.02687325063355285,0.6650012091763511,1.3608880267480128,False,False,,,1.0,4.5,5.0,7.0,7.0,4.5,4.833333333333333
hidden_pole,stable__lhp_zero,32_32 (rich11),mlp_rich_wide,0.04570259145944045,2.0,2.524564928994716e-08,0.10419512349706636,1.5166105156175715,False,False,,,3.0,4.5,4.0,3.0,8.0,4.5,4.5
nominal,stable__lhp_zero,32_32 (compact6),mlp_compact6_wide,0.03845504868217161,2.0,1.6307817818295987e-07,0.20760960356935423,1.2939634990632782,False,False,,,7.0,4.5,5.0,6.0,1.0,4.5,4.666666666666667
disturbed,stable__lhp_zero,32_32 (compact6),mlp_compact6_wide,0.04156777942467959,2.0,0.02745164143858079,0.627604503869846,1.26787689204386,False,False,,,8.0,4.5,6.0,4.0,1.0,4.5,4.666666666666667
hidden_pole,stable__lhp_zero,32_32 (compact6),mlp_compact6_wide,0.046292444074636716,2.0,2.761655437939421e-07,0.206480495991797,1.3803798470667397,False,False,,,5.0,4.5,6.0,6.0,1.0,4.5,4.5
nominal,stable__lhp_zero,16_16_16 (rich11),mlp_max,0.03772392495489991,2.0,4.940650859767668e-06,0.2994647218904519,1.3551535108399637,False,False,,,4.0,4.5,7.0,7.0,3.0,4.5,5.0
disturbed,stable__lhp_zero,16_16_16 (rich11),mlp_max,0.04049061831720137,2.0,0.02556558658435357,0.6024500458329362,1.3536668090738369,False,False,,,3.0,4.5,3.0,2.0,6.0,4.5,3.8333333333333335
hidden_pole,stable__lhp_zero,16_16_16 (rich11),mlp_max,0.04676954406184628,2.0,1.0618837790654536e-05,0.29633076020332294,1.4757179331046808,False,False,,,7.0,4.5,7.0,7.0,5.0,4.5,5.833333333333333
nominal,stable__lhp_zero,16_16_16 (compact6),mlp_compact6_max,0.03803470545223923,2.0,5.4760717861729674e-09,0.1344671728183308,1.3655847439445645,False,False,,,6.0,4.5,3.0,4.0,6.0,4.5,4.666666666666667
disturbed,stable__lhp_zero,16_16_16 (compact6),mlp_compact6_max,0.04142531832695523,2.0,0.025160615881033896,0.6399897556725446,1.3500470037623056,False,False,,,6.0,4.5,2.0,5.0,5.0,4.5,4.5
hidden_pole,stable__lhp_zero,16_16_16 (compact6),mlp_compact6_max,0.046822430639408476,2.0,4.434890089781089e-09,0.12172940684853127,1.4569670814364073,False,False,,,8.0,4.5,3.0,4.0,4.0,4.5,4.666666666666667
nominal,stable__lhp_zero,32_32_32 (rich11),mlp_rich_xl,0.03752007285776914,2.0,2.341486750178766e-07,0.17695859785991702,1.3869813638122659,False,False,,,3.0,4.5,6.0,5.0,8.0,4.5,5.166666666666667
disturbed,stable__lhp_zero,32_32_32 (rich11),mlp_rich_xl,0.04098457381797712,2.0,0.03214460922318098,0.6776259229766585,1.3863405376840237,False,False,,,5.0,4.5,8.0,8.0,8.0,4.5,6.333333333333333
hidden_pole,stable__lhp_zero,32_32_32 (rich11),mlp_rich_xl,0.04539618323273008,2.0,7.59595625312604e-08,0.17657298722215006,1.48471777233912,False,False,,,1.0,4.5,5.0,5.0,6.0,4.5,4.333333333333333
nominal,stable__lhp_zero,32_32_32 (compact6),mlp_compact6_xl,0.0378063954499548,2.0,9.906775568737675e-10,0.0248829972366824,1.357029361117969,False,False,,,5.0,4.5,2.0,2.0,5.0,4.5,3.8333333333333335
disturbed,stable__lhp_zero,32_32_32 (compact6),mlp_compact6_xl,0.04094607080071677,2.0,0.031160465476367714,0.5977884451236538,1.3444375059536158,False,False,,,4.0,4.5,7.0,1.0,3.0,4.5,4.0
hidden_pole,stable__lhp_zero,32_32_32 (compact6),mlp_compact6_xl,0.04593940310540164,2.0,6.272217615497968e-10,0.0223247261031495,1.4504564537569586,False,False,,,4.0,4.5,2.0,1.0,3.0,4.5,3.1666666666666665
nominal,stable__rhp_zero,16_16 (rich11),mlp_rich_default,0.21704776051679575,2.572583071433663,0.029428483956580626,0.900590357534432,1.3707846349044948,False,False,,,7.0,2.0,8.0,8.0,2.0,4.5,5.25
disturbed,stable__rhp_zero,16_16 (rich11),mlp_rich_default,0.21938822607961025,2.582422673586886,0.03150645045128052,0.6781749095051333,1.3716511676928487,False,False,,,7.0,2.0,3.0,5.0,2.0,4.5,3.9166666666666665
hidden_pole,stable__rhp_zero,16_16 (rich11),mlp_rich_default,0.24384281028828947,2.6465942821469435,0.025841141916739762,0.9039074547317798,1.313842838798332,False,False,,,7.0,4.0,8.0,8.0,2.0,4.5,5.583333333333333
nominal,stable__rhp_zero,16_16 (compact6),mlp_compact6,0.21833863949915264,2.5651909188509343,0.01682429365836793,0.8447606062615184,1.2605686051856473,False,False,,,8.0,1.0,5.0,2.0,1.0,4.5,3.5833333333333335
disturbed,stable__rhp_zero,16_16 (compact6),mlp_compact6,0.22118862978300113,2.5657707964128726,0.026944906122312463,0.8859008658254142,1.2863021934577108,False,False,,,8.0,1.0,1.0,8.0,1.0,4.5,3.9166666666666665
hidden_pole,stable__rhp_zero,16_16 (compact6),mlp_compact6,0.24575659242144648,2.5843007293031457,0.012811679041733942,0.8504403084946507,1.2624915315097245,False,False,,,8.0,1.0,5.0,2.0,1.0,4.5,3.5833333333333335
nominal,stable__rhp_zero,32_32 (rich11),mlp_rich_wide,0.21418807376497628,2.6379090578729256,0.016032677206677688,0.8836204832990938,1.3853884543883335,False,False,,,5.0,7.0,4.0,5.0,4.0,4.5,4.916666666666667
disturbed,stable__rhp_zero,32_32 (rich11),mlp_rich_wide,0.21775502419240694,2.639003932481222,0.033640960794821095,0.7854067925940732,1.4011339488571417,False,False,,,4.0,7.0,5.0,6.0,3.0,4.5,4.916666666666667
hidden_pole,stable__rhp_zero,32_32 (rich11),mlp_rich_wide,0.24221688772055905,2.6535375887945345,0.01178056678730345,0.8883154544625701,1.3839244065947112,False,False,,,4.0,5.0,4.0,6.0,3.0,4.5,4.416666666666667
nominal,stable__rhp_zero,32_32 (compact6),mlp_compact6_wide,0.21392834635398456,2.6070221289646387,0.02267327986408844,0.8903951697975317,1.4316938340585894,False,False,,,4.0,4.0,6.0,6.0,6.0,4.5,5.083333333333333
disturbed,stable__rhp_zero,32_32 (compact6),mlp_compact6_wide,0.21728342674453488,2.6117914179230093,0.03623843308229325,0.6279952622638854,1.4589044691510746,False,False,,,3.0,6.0,7.0,3.0,7.0,4.5,5.083333333333333
hidden_pole,stable__rhp_zero,32_32 (compact6),mlp_compact6_wide,0.24148597741540603,2.668693792995586,0.01833035897999766,0.8863964045023832,1.4304928411181146,False,False,,,3.0,6.0,6.0,5.0,5.0,4.5,4.916666666666667
nominal,stable__rhp_zero,16_16_16 (rich11),mlp_max,0.21281771105886788,2.608854852096428,0.005695762699658898,0.8218721259813083,1.4483098288789347,False,False,,,2.0,6.0,2.0,1.0,8.0,4.5,3.9166666666666665
disturbed,stable__rhp_zero,16_16_16 (rich11),mlp_max,0.21689636450391422,2.611742708552624,0.03415006017587118,0.8050188275095148,1.449931862533576,False,False,,,1.0,5.0,6.0,7.0,5.0,4.5,4.75
hidden_pole,stable__rhp_zero,16_16_16 (rich11),mlp_max,0.24120763097368741,2.6709772674104793,0.0019035947419603202,0.823717699079043,1.4520816430775716,False,False,,,2.0,7.0,1.0,1.0,7.0,4.5,3.75
nominal,stable__rhp_zero,16_16_16 (compact6),mlp_compact6_max,0.21624162326312577,2.5884525179867413,0.027174623567581917,0.8674326771989088,1.379491133851722,False,False,,,6.0,3.0,7.0,4.0,3.0,4.5,4.583333333333333
disturbed,stable__rhp_zero,16_16_16 (compact6),mlp_compact6_max,0.2184895962235116,2.5924321935701675,0.03045206855948058,0.6425414387676673,1.403434617626358,False,False,,,6.0,3.0,2.0,4.0,4.0,4.5,3.9166666666666665
hidden_pole,stable__rhp_zero,16_16_16 (compact6),mlp_compact6_max,0.2434039671417503,2.6284940195807707,0.022841324753460842,0.8645530947206174,1.3936575118778867,False,False,,,6.0,3.0,7.0,4.0,4.0,4.5,4.75
nominal,stable__rhp_zero,32_32_32 (rich11),mlp_rich_xl,0.21184696893735327,2.6610227387634913,0.0021971166965668817,0.8963508310681869,1.445006337766847,False,False,,,1.0,8.0,1.0,7.0,7.0,4.5,4.75
disturbed,stable__rhp_zero,32_32_32 (rich11),mlp_rich_xl,0.21718588381997486,2.654342451690927,0.04477354030574785,0.6198904655487418,1.4717968213812616,False,False,,,2.0,8.0,8.0,2.0,8.0,4.5,5.416666666666667
hidden_pole,stable__rhp_zero,32_32_32 (rich11),mlp_rich_xl,0.240830330055775,2.6786834687300143,0.002240779297111672,0.9037711253893931,1.4533231642557174,False,False,,,1.0,8.0,2.0,7.0,8.0,4.5,5.083333333333333
nominal,stable__rhp_zero,32_32_32 (compact6),mlp_compact6_xl,0.2139049157378992,2.607771973220948,0.008667141143268666,0.8545411110276195,1.4239073315009245,False,False,,,3.0,5.0,3.0,3.0,5.0,4.5,3.9166666666666665
disturbed,stable__rhp_zero,32_32_32 (compact6),mlp_compact6_xl,0.21808955165530217,2.6069496273766752,0.032544882772075366,0.5919817898512355,1.4564257020630633,False,False,,,5.0,4.0,4.0,1.0,6.0,4.5,4.083333333333333
hidden_pole,stable__rhp_zero,32_32_32 (compact6),mlp_compact6_xl,0.24292943311069787,2.624516310365949,0.004272781246300751,0.8578306659787455,1.4465617487094087,False,False,,,5.0,2.0,3.0,3.0,6.0,4.5,3.9166666666666665
nominal,integrator__no_zero,16_16 (rich11),mlp_rich_default,0.10969031092347649,2.0,0.0006599784222386338,0.5931273459979622,2.080850751938615,False,False,,,6.0,4.5,6.0,5.0,3.0,4.5,4.833333333333333
disturbed,integrator__no_zero,16_16 (rich11),mlp_rich_default,0.11203356947750431,2.0,0.008957871805022173,2.702357482607744,2.058726286922962,False,False,,,5.0,4.5,5.0,7.0,3.0,4.5,4.833333333333333
hidden_pole,integrator__no_zero,16_16 (rich11),mlp_rich_default,0.1265945479189863,2.0,0.0003752028533053938,0.595540732642033,2.1570909251036343,False,False,,,3.0,4.5,4.0,5.0,3.0,4.5,4.0
nominal,integrator__no_zero,16_16 (compact6),mlp_compact6,0.11146652233714968,2.0,0.0006666787279747372,0.6797279602604499,1.9476508918663973,False,False,,,8.0,4.5,7.0,7.0,1.0,4.5,5.333333333333333
disturbed,integrator__no_zero,16_16 (compact6),mlp_compact6,0.11494465614128917,2.0,0.025642569353125606,1.220279927263848,1.9664909604651377,False,False,,,8.0,4.5,8.0,1.0,2.0,4.5,4.666666666666667
hidden_pole,integrator__no_zero,16_16 (compact6),mlp_compact6,0.12772868076310934,2.0,0.000998317354005265,0.6811030688228619,2.00681715876404,False,False,,,6.0,4.5,7.0,7.0,1.0,4.5,5.0
nominal,integrator__no_zero,32_32 (rich11),mlp_rich_wide,0.1086176357718177,2.0,0.0002710154494222668,0.5026537320586383,2.134664541971907,False,False,,,4.0,4.5,3.0,3.0,4.0,4.5,3.8333333333333335
disturbed,integrator__no_zero,32_32 (rich11),mlp_rich_wide,0.11156919383602369,2.0,0.008326328169858793,2.19988360656668,2.1114728652235177,False,False,,,4.0,4.5,3.0,5.0,4.0,4.5,4.166666666666667
hidden_pole,integrator__no_zero,32_32 (rich11),mlp_rich_wide,0.1267342863019219,2.0,0.00033481713927942887,0.5062644016297972,2.1969920296752337,False,False,,,4.0,4.5,3.0,3.0,4.0,4.5,3.8333333333333335
nominal,integrator__no_zero,32_32 (compact6),mlp_compact6_wide,0.10877942528133151,2.0,0.003938419746471242,0.7118601126671177,2.1618512764332714,False,False,,,5.0,4.5,8.0,8.0,6.0,4.5,6.0
disturbed,integrator__no_zero,32_32 (compact6),mlp_compact6_wide,0.11221912887322971,2.0,0.015573653452620238,1.3805412458550537,2.1435215620056822,False,False,,,6.0,4.5,7.0,2.0,6.0,4.5,5.0
hidden_pole,integrator__no_zero,32_32 (compact6),mlp_compact6_wide,0.12680800716795076,2.0,0.003910277950930541,0.7123934602877998,2.227845825940041,False,False,,,5.0,4.5,8.0,8.0,6.0,4.5,6.0
nominal,integrator__no_zero,16_16_16 (rich11),mlp_max,0.10831969664236892,2.0,0.0004764054932305915,0.577077510711319,2.153331691313622,False,False,,,2.0,4.5,4.0,4.0,5.0,4.5,4.0
disturbed,integrator__no_zero,16_16_16 (rich11),mlp_max,0.11118627756006708,2.0,0.008947193988056235,2.4458406595085322,2.1301937376636,False,False,,,2.0,4.5,4.0,6.0,5.0,4.5,4.333333333333333
hidden_pole,integrator__no_zero,16_16_16 (rich11),mlp_max,0.126400641427951,2.0,0.0006670560066710233,0.5793273754414868,2.2034283616106762,False,False,,,2.0,4.5,5.0,4.0,5.0,4.5,4.166666666666667
nominal,integrator__no_zero,16_16_16 (compact6),mlp_compact6_max,0.11037626878036924,2.0,7.870396637500901e-07,0.14540420682098676,1.9693089808467008,False,False,,,7.0,4.5,1.0,1.0,2.0,4.5,3.3333333333333335
disturbed,integrator__no_zero,16_16_16 (compact6),mlp_compact6_max,0.1126668660635879,2.0,0.007709575030283868,1.5851216614525045,1.9605950702235777,False,False,,,7.0,4.5,1.0,3.0,1.0,4.5,3.5
hidden_pole,integrator__no_zero,16_16_16 (compact6),mlp_compact6_max,0.12822428569398425,2.0,1.904442891926553e-06,0.25482981718585573,2.009973313263255,False,False,,,7.0,4.5,1.0,1.0,2.0,4.5,3.3333333333333335
nominal,integrator__no_zero,32_32_32 (rich11),mlp_rich_xl,0.10763720411387416,2.0,0.0005231906670750296,0.5994601960100815,2.227192995519838,False,False,,,1.0,4.5,5.0,6.0,8.0,4.5,4.833333333333333
disturbed,integrator__no_zero,32_32_32 (rich11),mlp_rich_xl,0.1107976747097844,2.0,0.009901199402117882,2.747718854822935,2.2073424567553346,False,False,,,1.0,4.5,6.0,8.0,8.0,4.5,5.333333333333333
hidden_pole,integrator__no_zero,32_32_32 (rich11),mlp_rich_xl,0.12612016216493208,2.0,0.0009166404352575477,0.6017756245020354,2.280881474932405,False,False,,,1.0,4.5,6.0,6.0,8.0,4.5,5.0
nominal,integrator__no_zero,32_32_32 (compact6),mlp_compact6_xl,0.10836264212747711,2.0,0.00016470275016648673,0.4105162540233786,2.1669050196610007,False,False,,,3.0,4.5,2.0,2.0,7.0,4.5,3.8333333333333335
disturbed,integrator__no_zero,32_32_32 (compact6),mlp_compact6_xl,0.11129673240595483,2.0,0.008205599237527913,1.8254882459107913,2.151277538382612,False,False,,,3.0,4.5,2.0,4.0,7.0,4.5,4.166666666666667
hidden_pole,integrator__no_zero,32_32_32 (compact6),mlp_compact6_xl,0.12830415903312334,2.0,0.000209559909857158,0.41784707920552205,2.238261888607961,False,False,,,8.0,4.5,2.0,2.0,7.0,4.5,4.666666666666667
nominal,integrator__lhp_zero,16_16 (rich11),mlp_rich_default,0.035646421209132514,2.0,2.3955452306738847e-05,0.3553990329008087,1.1159197810259862,False,False,,,1.0,4.5,5.0,1.0,6.0,4.5,3.6666666666666665
disturbed,integrator__lhp_zero,16_16 (rich11),mlp_rich_default,0.04160573933163146,2.0,0.03160357529442861,0.8435029753867226,1.1269115991441396,False,False,,,7.0,4.5,5.0,1.0,6.0,4.5,4.666666666666667
hidden_pole,integrator__lhp_zero,16_16 (rich11),mlp_rich_default,0.04405109864789309,2.0,2.6355610890133446e-05,0.3595444093950875,1.3168416641073242,False,False,,,1.0,4.5,3.0,2.0,7.0,4.5,3.6666666666666665
nominal,integrator__lhp_zero,16_16 (compact6),mlp_compact6,0.03677479455414021,2.0,0.004338566664107232,0.758954091331175,1.0656979329884577,False,False,,,8.0,4.5,8.0,8.0,1.0,4.5,5.666666666666667
disturbed,integrator__lhp_zero,16_16 (compact6),mlp_compact6,0.041872519361354804,2.0,0.03361478755345651,1.0197351106617827,1.0852259392331778,False,False,,,8.0,4.5,8.0,5.0,1.0,4.5,5.166666666666667
hidden_pole,integrator__lhp_zero,16_16 (compact6),mlp_compact6,0.0449254220620304,2.0,0.003989368553640338,0.7602514313772916,1.20133203252864,False,False,,,6.0,4.5,8.0,8.0,2.0,4.5,5.5
nominal,integrator__lhp_zero,32_32 (rich11),mlp_rich_wide,0.035773477822571016,2.0,1.1681293030118435e-05,0.5742009709118603,1.1928042481915735,False,False,,,2.0,4.5,4.0,6.0,8.0,4.5,4.833333333333333
disturbed,integrator__lhp_zero,32_32 (rich11),mlp_rich_wide,0.03989800732880236,2.0,0.03284957219354935,1.1206525404946799,1.2001746375581595,False,False,,,4.0,4.5,7.0,8.0,8.0,4.5,6.0
hidden_pole,integrator__lhp_zero,32_32 (rich11),mlp_rich_wide,0.04418267505240758,2.0,0.00018428406638390483,0.5748052018251467,1.283161580445508,False,False,,,2.0,4.5,7.0,7.0,6.0,4.5,5.166666666666667
nominal,integrator__lhp_zero,32_32 (compact6),mlp_compact6_wide,0.03601851463863952,2.0,5.323659275496295e-05,0.5437250539221339,1.084914148559663,False,False,,,5.0,4.5,6.0,5.0,3.0,4.5,4.666666666666667
disturbed,integrator__lhp_zero,32_32 (compact6),mlp_compact6_wide,0.03966269134804718,2.0,0.02849081807672255,0.9589682004695904,1.0968519566116504,False,False,,,3.0,4.5,2.0,2.0,3.0,4.5,3.1666666666666665
hidden_pole,integrator__lhp_zero,32_32 (compact6),mlp_compact6_wide,0.044214460988882535,2.0,0.00013904469468623077,0.5446356564877255,1.2609245188258507,False,False,,,3.0,4.5,6.0,6.0,5.0,4.5,4.833333333333333
nominal,integrator__lhp_zero,16_16_16 (rich11),mlp_max,0.03577800231086161,2.0,0.00015408390843251943,0.4675263187872557,1.1342158701273206,False,False,,,3.0,4.5,7.0,4.0,7.0,4.5,5.0
disturbed,integrator__lhp_zero,16_16_16 (rich11),mlp_max,0.039613979836062546,2.0,0.030958009767727713,1.0177233066971645,1.1384965899439579,False,False,,,2.0,4.5,4.0,4.0,7.0,4.5,4.333333333333333
hidden_pole,integrator__lhp_zero,16_16_16 (rich11),mlp_max,0.0455797736145712,2.0,8.932233770444073e-05,0.46899799635844347,1.3222149394867477,False,False,,,7.0,4.5,5.0,5.0,8.0,4.5,5.666666666666667
nominal,integrator__lhp_zero,16_16_16 (compact6),mlp_compact6_max,0.036527692025544775,2.0,3.712849463262192e-09,0.43472916343401713,1.1151582675931055,False,False,,,7.0,4.5,1.0,3.0,5.0,4.5,4.166666666666667
disturbed,integrator__lhp_zero,16_16_16 (compact6),mlp_compact6_max,0.040331931192139014,2.0,0.03161443485157072,0.9790367575619949,1.124388136626735,False,False,,,5.0,4.5,6.0,3.0,4.0,4.5,4.5
hidden_pole,integrator__lhp_zero,16_16_16 (compact6),mlp_compact6_max,0.04475198213090045,2.0,1.2080861291064483e-09,0.2080620218805849,1.2351050479625607,False,False,,,4.0,4.5,1.0,1.0,3.0,4.5,3.0
nominal,integrator__lhp_zero,32_32_32 (rich11),mlp_rich_xl,0.035886500852239024,2.0,9.846533624875184e-06,0.3750521741288047,1.0793817826434529,False,False,,,4.0,4.5,3.0,2.0,2.0,4.5,3.3333333333333335
disturbed,integrator__lhp_zero,32_32_32 (rich11),mlp_rich_xl,0.039319583744313706,2.0,0.029202438423714523,1.058102796505746,1.096487982887466,False,False,,,1.0,4.5,3.0,7.0,2.0,4.5,3.6666666666666665
hidden_pole,integrator__lhp_zero,32_32_32 (rich11),mlp_rich_xl,0.04569985409222226,2.0,3.080875048213705e-05,0.3793464271976266,1.1957614754688797,False,False,,,8.0,4.5,4.0,3.0,1.0,4.5,4.166666666666667
nominal,integrator__lhp_zero,32_32_32 (compact6),mlp_compact6_xl,0.0362308198882571,2.0,2.6261781607000638e-06,0.6004078195579852,1.1040568848233276,False,False,,,6.0,4.5,2.0,7.0,4.0,4.5,4.666666666666667
disturbed,integrator__lhp_zero,32_32_32 (compact6),mlp_compact6_xl,0.04049484926102532,2.0,0.027394995002286815,1.039117876823218,1.1244613152105507,False,False,,,6.0,4.5,1.0,6.0,5.0,4.5,4.5
hidden_pole,integrator__lhp_zero,32_32_32 (compact6),mlp_compact6_xl,0.044775734044589885,2.0,2.6300679452470377e-06,0.43455837794298396,1.2448938875373183,False,False,,,5.0,4.5,2.0,4.0,4.0,4.5,4.0
nominal,integrator__rhp_zero,16_16 (rich11),mlp_rich_default,0.22554709603887474,2.5551703724210713,0.027326053417863757,0.780919287900638,1.0297482662027215,False,False,,,4.0,5.0,5.0,4.0,5.0,4.5,4.583333333333333
disturbed,integrator__rhp_zero,16_16 (rich11),mlp_rich_default,0.3315132885806593,2.598193811887236,0.3283460202635396,0.32749583661825066,1.0198741242624199,False,False,,,8.0,5.0,8.0,1.0,5.0,4.5,5.25
hidden_pole,integrator__rhp_zero,16_16 (rich11),mlp_rich_default,0.24952396570276275,2.546764298016468,0.03400482156616044,0.7987709225174139,1.0066427114810452,False,False,,,5.0,5.0,6.0,5.0,4.0,4.5,4.916666666666667
nominal,integrator__rhp_zero,16_16 (compact6),mlp_compact6,0.2332984896047126,2.4955292692955684,0.05050424635687941,0.7288153434016569,0.9471749215963816,False,False,,,7.0,2.0,7.0,2.0,2.0,4.5,4.083333333333333
disturbed,integrator__rhp_zero,16_16 (compact6),mlp_compact6,0.2873300838339947,2.530729586827855,0.1153282062588781,0.8855377212277779,1.0092547937454472,False,False,,,6.0,2.0,2.0,6.0,4.0,4.5,4.083333333333333
hidden_pole,integrator__rhp_zero,16_16 (compact6),mlp_compact6,0.257382854369811,2.4745108925879142,0.05262158933909441,0.7323788176801955,0.9465059381928197,False,False,,,6.0,2.0,7.0,2.0,2.0,4.5,3.9166666666666665
nominal,integrator__rhp_zero,32_32 (rich11),mlp_rich_wide,0.2224654554639605,2.6244388090989506,0.006902542969979154,0.874783016779437,1.030907296478554,False,False,,,3.0,6.0,2.0,6.0,6.0,4.5,4.583333333333333
disturbed,integrator__rhp_zero,32_32 (rich11),mlp_rich_wide,0.23204846539851806,2.6687555398102107,0.06722047273521461,1.0535161147468541,1.0434214990602082,False,False,,,1.0,7.0,1.0,8.0,7.0,4.5,4.75
hidden_pole,integrator__rhp_zero,32_32 (rich11),mlp_rich_wide,0.24843504897358507,2.5531030604844527,0.0046141652278839885,0.8808104409811693,1.0405644907222933,False,False,,,4.0,6.0,2.0,6.0,5.0,4.5,4.583333333333333
nominal,integrator__rhp_zero,32_32 (compact6),mlp_compact6_wide,0.22091874981475987,2.6640056169117114,0.025501463553767867,1.0819785884734532,1.1084601299413603,False,False,,,1.0,8.0,4.0,8.0,8.0,4.5,5.583333333333333
disturbed,integrator__rhp_zero,32_32 (compact6),mlp_compact6_wide,0.2644847815787889,2.7071310927498944,0.1312634267221278,0.6727533731538512,1.1263011773420772,False,False,,,4.0,8.0,3.0,2.0,8.0,4.5,4.916666666666667
hidden_pole,integrator__rhp_zero,32_32 (compact6),mlp_compact6_wide,0.2441634136513201,2.5954441978029474,0.024847174949751947,1.0795124017391264,1.0861030641487566,False,False,,,1.0,7.0,4.0,8.0,8.0,4.5,5.416666666666667
nominal,integrator__rhp_zero,16_16_16 (rich11),mlp_max,0.22703155034945116,2.5202679322827666,0.0007612862943326719,0.765947675717021,0.9546252363036097,False,False,,,5.0,3.0,1.0,3.0,3.0,4.5,3.25
disturbed,integrator__rhp_zero,16_16_16 (rich11),mlp_max,0.2762667625068569,2.5624169861624897,0.2755391949461777,0.8445468495179438,0.9582194632015589,False,False,,,5.0,3.0,7.0,4.0,2.0,4.5,4.25
hidden_pole,integrator__rhp_zero,16_16_16 (rich11),mlp_max,0.24825679334340411,2.50156560421901,0.00039624127189008545,0.7671847784956748,0.9767939990802038,False,False,,,3.0,3.0,1.0,3.0,3.0,4.5,2.9166666666666665
nominal,integrator__rhp_zero,16_16_16 (compact6),mlp_compact6_max,0.2468953678084245,2.4732802018744855,0.1378900614323513,0.9540482690345663,0.8646851756981758,False,False,,,8.0,1.0,8.0,7.0,1.0,4.5,4.916666666666667
disturbed,integrator__rhp_zero,16_16_16 (compact6),mlp_compact6_max,0.2619367361812601,2.4843923922844358,0.22792918345715424,0.8851725935863127,0.896276132706336,False,False,,,3.0,1.0,6.0,5.0,1.0,4.5,3.4166666666666665
hidden_pole,integrator__rhp_zero,16_16_16 (compact6),mlp_compact6_max,0.2711089358562517,2.4132624561352025,0.13600476835383166,0.9359545905597599,0.8854075378996453,False,False,,,8.0,1.0,8.0,7.0,1.0,4.5,4.916666666666667
nominal,integrator__rhp_zero,32_32_32 (rich11),mlp_rich_xl,0.22231037812568413,2.630935917743736,0.011201934816147592,0.7826091038003996,1.008552102120896,False,False,,,2.0,7.0,3.0,5.0,4.0,4.5,4.25
disturbed,integrator__rhp_zero,32_32_32 (rich11),mlp_rich_xl,0.2472945417282916,2.641468636293215,0.16804817015541984,0.9953193103164849,1.0086820847627371,False,False,,,2.0,6.0,5.0,7.0,3.0,4.5,4.583333333333333
hidden_pole,integrator__rhp_zero,32_32_32 (rich11),mlp_rich_xl,0.24543452783236122,2.6047136614018065,0.012187028182903955,0.7843791239996164,1.0515406847989786,False,False,,,2.0,8.0,3.0,4.0,7.0,4.5,4.75
nominal,integrator__rhp_zero,32_32_32 (compact6),mlp_compact6_xl,0.2294390779670738,2.554248314497523,0.031250403197627834,0.700159969084057,1.0456031613779524,False,False,,,6.0,4.0,6.0,1.0,7.0,4.5,4.75
disturbed,integrator__rhp_zero,32_32_32 (compact6),mlp_compact6_xl,0.315632453122826,2.567388354772712,0.13554718428233875,0.7645869760410704,1.0355476205532919,False,False,,,7.0,4.0,4.0,3.0,6.0,4.5,4.75
hidden_pole,integrator__rhp_zero,32_32_32 (compact6),mlp_compact6_xl,0.25752651845166,2.546578644964349,0.025310436553874792,0.6938699973413803,1.0491146580104325,False,False,,,7.0,4.0,5.0,1.0,6.0,4.5,4.583333333333333
nominal,unstable__no_zero,16_16 (rich11),mlp_rich_default,0.11438314057947524,2.0,0.00042033545279848526,0.4936448609941433,2.1613519208256498,False,False,,,8.0,4.5,5.0,5.0,6.0,4.5,5.5
disturbed,unstable__no_zero,16_16 (rich11),mlp_rich_default,0.11780250933583677,2.0,0.011524392204615829,2.0623992815045087,2.234660186535784,False,False,,,7.0,4.5,1.0,5.0,7.0,4.5,4.833333333333333
hidden_pole,unstable__no_zero,16_16 (rich11),mlp_rich_default,0.1484017707754801,2.0,0.011453823651895075,0.5524272801473671,2.493440923557586,False,False,,,7.0,4.0,6.0,4.0,4.0,4.0,4.833333333333333
nominal,unstable__no_zero,16_16 (compact6),mlp_compact6,0.11389495999747505,2.0,0.005511518065982364,0.2355756668468386,2.1187460060649177,False,False,,,7.0,4.5,8.0,2.0,3.0,4.5,4.833333333333333
disturbed,unstable__no_zero,16_16 (compact6),mlp_compact6,0.11897862247352371,2.0,0.015305125869335223,2.032966740670354,2.265363710353816,False,False,,,8.0,4.5,5.0,4.0,8.0,4.5,5.666666666666667
hidden_pole,unstable__no_zero,16_16 (compact6),mlp_compact6,0.14759144855516104,2.0,0.013264006073886857,0.6289277309407688,2.409941903551201,False,False,,,6.0,4.0,7.0,6.0,1.0,4.0,4.666666666666667
nominal,unstable__no_zero,32_32 (rich11),mlp_rich_wide,0.11154725892507761,2.0,2.5410277748933098e-05,0.37013949458877815,2.1930352610191637,False,False,,,3.0,4.5,3.0,4.0,8.0,4.5,4.5
disturbed,unstable__no_zero,32_32 (rich11),mlp_rich_wide,0.11525189110047787,2.0,0.013955387693386282,1.9467890447513774,2.2116863567167826,False,False,,,2.0,4.5,4.0,2.0,5.0,4.5,3.6666666666666665
hidden_pole,unstable__no_zero,32_32 (rich11),mlp_rich_wide,0.140109161139107,2.0,0.000589974258845384,0.40906554944143675,2.643912959592208,False,False,,,3.0,4.0,2.0,3.0,8.0,4.0,4.0
nominal,unstable__no_zero,32_32 (compact6),mlp_compact6_wide,0.11107011731924403,2.0,0.0004957129517296797,0.5268719690271122,2.0957178218308785,False,False,,,2.0,4.5,6.0,6.0,1.0,4.5,4.0
disturbed,unstable__no_zero,32_32 (compact6),mlp_compact6_wide,0.11643709781935245,2.0,0.015344173653089252,2.8560990974882308,2.1902517542664697,False,False,,,4.0,4.5,6.0,7.0,3.0,4.5,4.833333333333333
hidden_pole,unstable__no_zero,32_32 (compact6),mlp_compact6_wide,0.13724031650280222,2.0,0.0014659355176698363,0.5527013094312537,2.515995653166732,False,False,,,2.0,4.0,5.0,5.0,5.0,4.0,4.166666666666667
nominal,unstable__no_zero,16_16_16 (rich11),mlp_max,0.11169493375930867,2.0,8.617795587112346e-06,0.35291331749909205,2.130893127652682,False,False,,,4.0,4.5,2.0,3.0,4.0,4.5,3.6666666666666665
disturbed,unstable__no_zero,16_16_16 (rich11),mlp_max,0.11514189283229652,2.0,0.012422795054794863,1.9136536160184734,2.1918274248779563,False,False,,,1.0,4.5,2.0,1.0,4.0,4.5,2.8333333333333335
hidden_pole,unstable__no_zero,16_16_16 (rich11),mlp_max,0.14244623074712803,2.0,0.0010619283277500551,0.3752967817500647,2.5434856693941024,False,False,,,5.0,4.0,4.0,2.0,6.0,4.0,4.166666666666667
nominal,unstable__no_zero,16_16_16 (compact6),mlp_compact6_max,0.1109636178226373,2.0,8.486280503838095e-06,0.7608830996595907,2.163817528717059,False,False,,,1.0,4.5,1.0,8.0,7.0,4.5,4.333333333333333
disturbed,unstable__no_zero,16_16_16 (compact6),mlp_compact6_max,0.11687029893299919,2.0,0.01856680861940395,2.940284036466067,2.1863232648222537,False,False,,,5.0,4.5,8.0,8.0,2.0,4.5,5.333333333333333
hidden_pole,unstable__no_zero,16_16_16 (compact6),mlp_compact6_max,93535724018.64896,1846073.5193751967,607146.6834706014,8.166205951871767,2.6360337410010106,True,True,"peak_error,late_escalation",peak_error=1.846e+06>10; tail_rms=6.071e+05>0.2 and tail_g=8.166>1.2,8.0,8.0,8.0,8.0,7.0,8.0,7.833333333333333
nominal,unstable__no_zero,32_32_32 (rich11),mlp_rich_xl,0.11174084618810577,2.0,4.2384648670182285e-05,0.2072131237418994,2.1111892420198313,False,False,,,5.0,4.5,4.0,1.0,2.0,4.5,3.5
disturbed,unstable__no_zero,32_32_32 (rich11),mlp_rich_xl,0.11547271146267035,2.0,0.012453123757438152,1.9860620590988693,2.178363705550949,False,False,,,3.0,4.5,3.0,3.0,1.0,4.5,3.1666666666666665
hidden_pole,unstable__no_zero,32_32_32 (rich11),mlp_rich_xl,0.14050445227852848,2.0,0.0009344112863277698,0.337285394450773,2.4568790950862556,False,False,,,4.0,4.0,3.0,1.0,2.0,4.0,3.0
nominal,unstable__no_zero,32_32_32 (compact6),mlp_compact6_xl,0.11207529467333446,2.0,0.0025076243470123234,0.6506466395647051,2.1448774102313344,False,False,,,6.0,4.5,7.0,7.0,5.0,4.5,5.666666666666667
disturbed,unstable__no_zero,32_32_32 (compact6),mlp_compact6_xl,0.11720365447456246,2.0,0.01603595952345643,2.561227630933322,2.2267518356911293,False,False,,,6.0,4.5,7.0,6.0,6.0,4.5,5.666666666666667
hidden_pole,unstable__no_zero,32_32_32 (compact6),mlp_compact6_xl,0.13697723158923147,2.0,0.0004633420205686231,0.6702668072104863,2.4678616337725607,False,False,,,1.0,4.0,1.0,7.0,3.0,4.0,3.3333333333333335
nominal,unstable__lhp_zero,16_16 (rich11),mlp_rich_default,0.035703880019800405,2.0,0.0003929982035014709,0.45337558604123207,1.0329740812780261,False,False,,,2.0,4.5,5.0,4.0,5.0,4.5,4.166666666666667
disturbed,unstable__lhp_zero,16_16 (rich11),mlp_rich_default,0.03962530139000739,2.0,0.030243760840254097,1.2084102618883323,1.1410182488688025,False,False,,,1.0,4.5,2.0,7.0,3.0,4.5,3.6666666666666665
hidden_pole,unstable__lhp_zero,16_16 (rich11),mlp_rich_default,0.04632678377327072,2.0,0.00013655608241536346,0.4371514624279964,1.2277641191203026,False,False,,,4.0,4.5,5.0,4.0,6.0,4.5,4.666666666666667
nominal,unstable__lhp_zero,16_16 (compact6),mlp_compact6,0.03591141864067403,2.0,0.00011565303478690307,0.37780968193240044,1.0407968787034148,False,False,,,6.0,4.5,4.0,2.0,7.0,4.5,4.666666666666667
disturbed,unstable__lhp_zero,16_16 (compact6),mlp_compact6,0.04105144977388979,2.0,0.03183579012429354,1.1174805791330928,1.1558728421338995,False,False,,,4.0,4.5,3.0,4.0,5.0,4.5,4.166666666666667
hidden_pole,unstable__lhp_zero,16_16 (compact6),mlp_compact6,0.04609340339461196,2.0,7.441128713378847e-05,0.17703352904591485,1.157764696403483,False,False,,,2.0,4.5,4.0,1.0,2.0,4.5,3.0
nominal,unstable__lhp_zero,32_32 (rich11),mlp_rich_wide,0.035764786801271035,2.0,0.0014225856634235718,0.5626632421312391,1.0231828989827012,False,False,,,4.0,4.5,8.0,7.0,2.0,4.5,5.0
disturbed,unstable__lhp_zero,32_32 (rich11),mlp_rich_wide,0.03967893759116234,2.0,0.03196024683795077,1.188719703547657,1.1142155911157285,False,False,,,2.0,4.5,5.0,6.0,1.0,4.5,3.8333333333333335
hidden_pole,unstable__lhp_zero,32_32 (rich11),mlp_rich_wide,0.047359021125682944,2.0,0.0012430375139967419,0.5696902238747904,1.3584477236501091,False,False,,,8.0,4.5,8.0,8.0,7.0,4.5,6.666666666666667
nominal,unstable__lhp_zero,32_32 (compact6),mlp_compact6_wide,0.03619958455707428,2.0,0.00010072428859294585,0.3646619990207827,1.023859608949455,False,False,,,7.0,4.5,3.0,1.0,3.0,4.5,3.8333333333333335
disturbed,unstable__lhp_zero,32_32 (compact6),mlp_compact6_wide,0.04288887275029528,2.0,0.03794222691651914,1.0219456703939587,1.1613663441523119,False,False,,,6.0,4.5,6.0,3.0,6.0,4.5,5.0
hidden_pole,unstable__lhp_zero,32_32 (compact6),mlp_compact6_wide,0.04634833681860647,2.0,2.489745626693994e-05,0.4058462063148899,1.2179023927828552,False,False,,,5.0,4.5,3.0,3.0,4.0,4.5,4.0
nominal,unstable__lhp_zero,16_16_16 (rich11),mlp_max,0.035418753457533314,2.0,1.4488603236016338e-05,0.3909193640449522,1.008303792095535,False,False,,,1.0,4.5,1.0,3.0,1.0,4.5,2.5
disturbed,unstable__lhp_zero,16_16_16 (rich11),mlp_max,0.04470283829861815,2.0,0.09056786307966337,0.8566100050132577,1.1628646261577191,False,False,,,7.0,4.5,7.0,2.0,7.0,4.5,5.333333333333333
hidden_pole,unstable__lhp_zero,16_16_16 (rich11),mlp_max,0.04607632344686052,2.0,2.5162781684790322e-06,0.3322910416961351,1.2194625143744198,False,False,,,1.0,4.5,1.0,2.0,5.0,4.5,3.0
nominal,unstable__lhp_zero,16_16_16 (compact6),mlp_compact6_max,0.036951540879145164,2.0,0.0006932353250468918,0.5332912978332363,1.058325324906122,False,False,,,8.0,4.5,7.0,6.0,8.0,4.5,6.333333333333333
disturbed,unstable__lhp_zero,16_16_16 (compact6),mlp_compact6_max,0.04112961583307447,2.0,0.02800199356721552,1.2890190257299579,1.1532016264372016,False,False,,,5.0,4.5,1.0,8.0,4.0,4.5,4.5
hidden_pole,unstable__lhp_zero,16_16_16 (compact6),mlp_compact6_max,0.04713380262984656,2.0,0.0006931138038165198,0.5442808488989945,1.1528719935619043,False,False,,,7.0,4.5,7.0,7.0,1.0,4.5,5.166666666666667
nominal,unstable__lhp_zero,32_32_32 (rich11),mlp_rich_xl,0.03570415687764055,2.0,0.0004999198745660827,0.4724533458859748,1.0255238089087269,False,False,,,3.0,4.5,6.0,5.0,4.0,4.5,4.5
disturbed,unstable__lhp_zero,32_32_32 (rich11),mlp_rich_xl,0.0406152648317922,2.0,0.03187815988206439,1.1719778643147716,1.1324312007137995,False,False,,,3.0,4.5,4.0,5.0,2.0,4.5,3.8333333333333335
hidden_pole,unstable__lhp_zero,32_32_32 (rich11),mlp_rich_xl,0.04641189913339939,2.0,0.00045815440164411115,0.4843115669890929,1.3707008314981537,False,False,,,6.0,4.5,6.0,6.0,8.0,4.5,5.833333333333333
nominal,unstable__lhp_zero,32_32_32 (compact6),mlp_compact6_xl,0.03579171645290011,2.0,4.621986710640811e-05,0.7947323643563607,1.0333350976022533,False,False,,,5.0,4.5,2.0,8.0,6.0,4.5,5.0
disturbed,unstable__lhp_zero,32_32_32 (compact6),mlp_compact6_xl,0.09771330634319735,2.0,0.26994996846837144,0.35037480952340394,1.3934862351593489,False,False,,,8.0,4.5,8.0,1.0,8.0,4.5,5.666666666666667
hidden_pole,unstable__lhp_zero,32_32_32 (compact6),mlp_compact6_xl,0.04611512141252694,2.0,2.2174012601009196e-05,0.4584881031174118,1.2004634777907452,False,False,,,3.0,4.5,2.0,5.0,3.0,4.5,3.6666666666666665
nominal,unstable__rhp_zero,16_16 (rich11),mlp_rich_default,0.2833498647170265,2.585185244525809,0.01941562955348486,0.5897990423671984,1.2714209200924371,False,False,,,2.0,1.0,2.0,1.0,3.0,2.5,1.9166666666666667
disturbed,unstable__rhp_zero,16_16 (rich11),mlp_rich_default,241083095.32033515,93721.37533100734,30823.942472611594,8.164963037864768,1.711607588379224,True,True,"peak_error,late_escalation",peak_error=9.372e+04>10; tail_rms=3.082e+04>0.2 and tail_g=8.165>1.2,3.0,3.0,3.0,3.0,5.0,5.0,3.6666666666666665
hidden_pole,unstable__rhp_zero,16_16 (rich11),mlp_rich_default,66765522182.9193,1559681.3486144573,512957.03426609334,8.166083920401052,1.7876858959461654,True,True,"peak_error,late_escalation",peak_error=1.56e+06>10; tail_rms=5.13e+05>0.2 and tail_g=8.166>1.2,4.0,4.0,4.0,4.0,6.0,5.0,4.5
nominal,unstable__rhp_zero,16_16 (compact6),mlp_compact6,15567206497.869759,753121.652392945,247690.9890737587,8.166093191106485,1.8613563591635833,True,True,"peak_error,late_escalation",peak_error=7.531e+05>10; tail_rms=2.477e+05>0.2 and tail_g=8.166>1.2,5.0,5.0,5.0,5.0,8.0,6.5,5.75
disturbed,unstable__rhp_zero,16_16 (compact6),mlp_compact6,30674550988.241905,1057180.2978698346,347691.4200793084,8.166135632162609,2.051696593871717,True,True,"peak_error,late_escalation",peak_error=1.057e+06>10; tail_rms=3.477e+05>0.2 and tail_g=8.166>1.2,5.0,5.0,5.0,6.0,7.0,5.0,5.5
hidden_pole,unstable__rhp_zero,16_16 (compact6),mlp_compact6,6340940534983.663,15199766.602728778,4998983.566752219,8.166166149367438,1.8557868838521703,True,True,"peak_error,late_escalation",peak_error=1.52e+07>10; tail_rms=4.999e+06>0.2 and tail_g=8.166>1.2,7.0,7.0,7.0,7.0,8.0,5.0,6.833333333333333
nominal,unstable__rhp_zero,32_32 (rich11),mlp_rich_wide,0.3169144321890773,2.6542676104993674,0.21700970555462112,1.1674284076127401,1.259581494835863,False,False,,,3.0,3.0,4.0,4.0,2.0,2.5,3.0833333333333335
disturbed,unstable__rhp_zero,32_32 (rich11),mlp_rich_wide,0.6274215587632234,2.6771820946965676,0.19696788235704393,0.6470062151692294,1.661194337993787,False,False,,,1.0,2.0,1.0,1.0,4.0,1.0,1.6666666666666667
hidden_pole,unstable__rhp_zero,32_32 (rich11),mlp_rich_wide,0.5049839665143316,2.5123330857476813,0.3109098810913736,1.353577220606678,1.567049569195081,True,True,late_escalation,tail_rms=0.3109>0.2 and tail_g=1.354>1.2,2.0,3.0,2.0,2.0,4.0,5.0,3.0
nominal,unstable__rhp_zero,32_32 (compact6),mlp_compact6_wide,0.3383046161477125,2.624431898833301,0.09423587586378376,0.8831639465613939,1.4510615628724954,False,False,,,4.0,2.0,3.0,3.0,5.0,2.5,3.25
disturbed,unstable__rhp_zero,32_32 (compact6),mlp_compact6_wide,2274351294.644638,287862.3316959882,94674.62438963263,8.165155537929936,2.5152317959945574,True,True,"peak_error,late_escalation",peak_error=2.879e+05>10; tail_rms=9.467e+04>0.2 and tail_g=8.165>1.2,4.0,4.0,4.0,4.0,8.0,5.0,4.833333333333333
hidden_pole,unstable__rhp_zero,32_32 (compact6),mlp_compact6_wide,1.3635187166800664,2.4919774823136254,0.5623308781016024,2.052747727214003,1.846062751879989,True,True,late_escalation,tail_rms=0.5623>0.2 and tail_g=2.053>1.2,3.0,2.0,3.0,3.0,7.0,5.0,3.8333333333333335
nominal,unstable__rhp_zero,16_16_16 (rich11),mlp_max,281345201667.2865,3201693.029590187,1052990.9130218609,8.166129529870355,1.6588358122104292,True,True,"peak_error,late_escalation",peak_error=3.202e+06>10; tail_rms=1.053e+06>0.2 and tail_g=8.166>1.2,6.0,6.0,6.0,6.0,7.0,6.5,6.25
disturbed,unstable__rhp_zero,16_16_16 (rich11),mlp_max,147421924196.92014,2317613.1430792096,762229.7658756138,8.16612318547849,1.5974813189435866,True,True,"peak_error,late_escalation",peak_error=2.318e+06>10; tail_rms=7.622e+05>0.2 and tail_g=8.166>1.2,6.0,6.0,6.0,5.0,3.0,5.0,5.166666666666667
hidden_pole,unstable__rhp_zero,16_16_16 (rich11),mlp_max,5597952278279.477,14281527.28890204,4696988.150440615,8.16616085937511,1.665905394186043,True,True,"peak_error,late_escalation",peak_error=1.428e+07>10; tail_rms=4.697e+06>0.2 and tail_g=8.166>1.2,6.0,6.0,6.0,5.0,5.0,5.0,5.5
nominal,unstable__rhp_zero,16_16_16 (compact6),mlp_compact6_max,541916411797.9874,4443509.903212212,1461406.4498130379,8.16614631008776,1.5315321617678852,True,True,"peak_error,late_escalation",peak_error=4.444e+06>10; tail_rms=1.461e+06>0.2 and tail_g=8.166>1.2,8.0,8.0,8.0,7.0,6.0,6.5,7.25
disturbed,unstable__rhp_zero,16_16_16 (compact6),mlp_compact6_max,565428169695.5491,4538880.414780242,1492772.372554004,8.166151432185554,1.4745592882534346,True,True,"peak_error,late_escalation",peak_error=4.539e+06>10; tail_rms=1.493e+06>0.2 and tail_g=8.166>1.2,7.0,7.0,7.0,7.0,2.0,5.0,5.833333333333333
hidden_pole,unstable__rhp_zero,16_16_16 (compact6),mlp_compact6_max,5190203302217.3125,13751568.88343464,4522692.423577214,8.166162285945122,1.531557545637006,True,True,"peak_error,late_escalation",peak_error=1.375e+07>10; tail_rms=4.523e+06>0.2 and tail_g=8.166>1.2,5.0,5.0,5.0,6.0,3.0,5.0,4.833333333333333
nominal,unstable__rhp_zero,32_32_32 (rich11),mlp_rich_xl,0.24426968450738465,2.662388099438538,0.0150830666968542,0.7683342597437448,1.139216253302302,False,False,,,1.0,4.0,1.0,2.0,1.0,2.5,1.9166666666666667
disturbed,unstable__rhp_zero,32_32_32 (rich11),mlp_rich_xl,0.8429019166562246,2.6639779543287228,1.3686422715796014,1.4047951906316227,1.7474853703656292,True,True,late_escalation,tail_rms=1.369>0.2 and tail_g=1.405>1.2,2.0,1.0,2.0,2.0,6.0,5.0,3.0
hidden_pole,unstable__rhp_zero,32_32_32 (rich11),mlp_rich_xl,0.30616563062652524,2.4647313847695123,0.0033549024509068734,0.9688574740381134,1.4986434185949324,False,False,,,1.0,1.0,1.0,1.0,2.0,1.0,1.1666666666666667
nominal,unstable__rhp_zero,32_32_32 (compact6),mlp_compact6_xl,462526335096.8876,4105143.1019743746,1350122.271664161,8.166163394605993,1.3511687602291071,True,True,"peak_error,late_escalation",peak_error=4.105e+06>10; tail_rms=1.35e+06>0.2 and tail_g=8.166>1.2,7.0,7.0,7.0,8.0,4.0,6.5,6.583333333333333
disturbed,unstable__rhp_zero,32_32_32 (compact6),mlp_compact6_xl,752025053504.8396,5234512.526781115,1721555.4819794272,8.166168812278555,1.2984275274094417,True,True,"peak_error,late_escalation",peak_error=5.235e+06>10; tail_rms=1.722e+06>0.2 and tail_g=8.166>1.2,8.0,8.0,8.0,8.0,1.0,5.0,6.333333333333333
hidden_pole,unstable__rhp_zero,32_32_32 (compact6),mlp_compact6_xl,9899426361703.918,18991755.174564946,6246113.673472312,8.166168503683693,1.3735256171838626,True,True,"peak_error,late_escalation",peak_error=1.899e+07>10; tail_rms=6.246e+06>0.2 and tail_g=8.166>1.2,8.0,8.0,8.0,8.0,1.0,5.0,6.333333333333333
