scenario,plant_id,controller,mean_cost,peak_error,tail_rms_error,tail_growth_ratio,max_abs_u,mean_step_ms,median_step_ms,p95_step_ms,max_step_ms,utilization_pct,benchmark_samples,late_escalation,failure,failure_reason,failure_detail,rank_mean_cost,rank_peak_error,rank_tail_rms_error,rank_tail_growth_ratio,rank_max_abs_u,rank_failure,composite_rank
nominal,stable__no_zero,MPC,0.21983677519591763,2.0,3.355273115013472e-07,0.2509035111838985,3.2711136724677226,0.020067348184818482,0.019768975247524752,0.02139377425742574,0.021681930693069305,0.02139377425742574,12,False,False,,,1.0,5.5,1.0,1.0,10.0,5.5,4.0
nominal,stable__no_zero,RL (PID-features),0.23437233924236794,2.0,0.0003144367984986556,0.28701220164352914,2.60011027078055,0.00175886798679868,0.001766089108910891,0.0018385707920792077,0.001917079207920792,0.0018385707920792077,12,False,False,,,10.0,5.5,2.0,2.0,1.0,5.5,4.333333333333333
nominal,stable__no_zero,16_16 (rich11),0.22913308225254042,2.0,0.003812442108556139,0.6537208142253402,2.787435134477652,0.006283931518151815,0.006418727722772277,0.006464340594059406,0.006468653465346535,0.006464340594059406,12,False,False,,,6.0,5.5,6.0,4.0,7.0,5.5,5.666666666666667
nominal,stable__no_zero,16_16 (compact6),0.23310693347247644,2.0,0.013527461261604382,0.7414474192384983,2.7103050106927378,0.005920173267326734,0.006378094059405941,0.00662619702970297,0.006803623762376238,0.00662619702970297,12,False,False,,,8.0,5.5,10.0,9.0,4.0,5.5,7.0
nominal,stable__no_zero,32_32 (rich11),0.2257505538165229,2.0,0.010049685526610173,0.7813306190699325,2.858861704965301,0.00702025,0.006998762376237624,0.007305278712871286,0.007532178217821782,0.0073052787128712856,12,False,False,,,2.0,5.5,9.0,10.0,9.0,5.5,6.833333333333333
nominal,stable__no_zero,32_32 (compact6),0.2269473948870912,2.0,0.001886318805269,0.6878693835326068,2.7858676532620885,0.006715345709570958,0.006696777227722772,0.006828133168316832,0.006830861386138614,0.006828133168316832,12,False,False,,,4.0,5.5,5.0,6.0,6.0,5.5,5.333333333333333
nominal,stable__no_zero,16_16_16 (rich11),0.23317892814301255,2.0,0.005460249311833023,0.675009063352329,2.6529172621804475,0.006514818481848184,0.006231232673267326,0.00762460594059406,0.007898930693069307,0.007624605940594059,12,False,False,,,9.0,5.5,7.0,5.0,3.0,5.5,5.833333333333333
nominal,stable__no_zero,16_16_16 (compact6),0.23174571089932103,2.0,0.0012130991645761895,0.4791511213300434,2.6166432081631346,0.007619841584158415,0.007590138613861387,0.008211671287128713,0.008900990099009902,0.008211671287128713,12,False,False,,,7.0,5.5,4.0,3.0,2.0,5.5,4.5
nominal,stable__no_zero,32_32_32 (rich11),0.22692951428567615,2.0,0.0009690940976902028,0.7343414122546059,2.803619564686253,0.008623557755775578,0.008481435643564355,0.009085875247524753,0.009101079207920791,0.009085875247524753,12,False,False,,,3.0,5.5,3.0,8.0,8.0,5.5,5.5
nominal,stable__no_zero,32_32_32 (compact6),0.22826636778285173,2.0,0.005589987935910444,0.6949427100436238,2.7720959651016375,0.00828661386138614,0.008222980198019803,0.008651485148514852,0.008877475247524753,0.008651485148514852,12,False,False,,,5.0,5.5,8.0,7.0,5.0,5.5,6.0
disturbed,stable__no_zero,MPC,0.22209544374354678,2.0,0.04099591599997849,1.0196209036826247,3.2369470736035146,0.02007992904290429,0.01964108415841584,0.02167673118811881,0.022528049504950493,0.02167673118811881,12,False,False,,,1.0,5.5,10.0,9.0,10.0,5.5,6.833333333333333
disturbed,stable__no_zero,RL (PID-features),0.2363510820717999,2.0,0.005611243450276429,1.186676772027645,2.6106636710333917,0.002093476897689769,0.0021264455445544556,0.0023826113861386135,0.0024826732673267323,0.0023826113861386135,12,False,False,,,10.0,5.5,1.0,10.0,1.0,5.5,5.5
disturbed,stable__no_zero,16_16 (rich11),0.23145340542866918,2.0,0.01778770283307233,0.7578641982365838,2.7794923062430086,0.0065480610561056115,0.006567658415841584,0.0066892702970297035,0.006740099009900991,0.0066892702970297035,12,False,False,,,5.0,5.5,3.0,3.0,7.0,5.5,4.833333333333333
disturbed,stable__no_zero,16_16 (compact6),0.2352817385994575,2.0,0.034397337856512084,0.8026079682669747,2.684561176646535,0.005070855610561056,0.005011965346534654,0.005419516831683169,0.005615099009900991,0.005419516831683169,12,False,False,,,8.0,5.5,9.0,6.0,4.0,5.5,6.333333333333333
disturbed,stable__no_zero,32_32 (rich11),0.2285901767601046,2.0,0.03342164253948912,0.8314271846858171,2.8683346928085736,0.00699604702970297,0.0069506980198019794,0.007312463861386139,0.007646455445544554,0.007312463861386138,12,False,False,,,2.0,5.5,8.0,8.0,9.0,5.5,6.333333333333333
disturbed,stable__no_zero,32_32 (compact6),0.22931156681475678,2.0,0.021044975785063178,0.761692755822612,2.7706146246823717,0.006838249174917491,0.006774133663366337,0.007143361386138613,0.00717739603960396,0.007143361386138613,12,False,False,,,3.0,5.5,4.0,5.0,6.0,5.5,4.833333333333333
disturbed,stable__no_zero,16_16_16 (rich11),0.2358567750431149,2.0,0.021393249841039852,0.751184600056975,2.661092336458751,0.007365855610561057,0.007713490099009901,0.007858585643564356,0.00794390099009901,0.007858585643564356,12,False,False,,,9.0,5.5,5.0,2.0,3.0,5.5,5.0
disturbed,stable__no_zero,16_16_16 (compact6),0.23484701243602635,2.0,0.013006569014401696,0.6336343727589037,2.6157067832113254,0.007647655940594058,0.0077060643564356435,0.008092536633663366,0.008372524752475246,0.008092536633663366,12,False,False,,,7.0,5.5,2.0,1.0,2.0,5.5,3.8333333333333335
disturbed,stable__no_zero,32_32_32 (rich11),0.22944876503638975,2.0,0.022322189369735276,0.8026453264158799,2.7956312720630567,0.008499210396039602,0.008465965346534654,0.00869523514851485,0.008814356435643564,0.00869523514851485,12,False,False,,,4.0,5.5,6.0,7.0,8.0,5.5,6.0
disturbed,stable__no_zero,32_32_32 (compact6),0.23162987045034958,2.0,0.024370967412582333,0.7616891885321978,2.758707768810608,0.008554421617161717,0.00841521782178218,0.009048432673267326,0.009196366336633665,0.009048432673267326,12,False,False,,,6.0,5.5,7.0,4.0,5.0,5.5,5.5
hidden_pole,stable__no_zero,MPC,0.25595429058751434,2.0,1.7823514635928988e-06,0.08168540508942101,3.4699690198771913,0.020057686468646866,0.019729163366336636,0.021748392574257425,0.02359942574257426,0.021748392574257425,12,False,False,,,1.0,5.5,1.0,1.0,10.0,5.5,4.0
hidden_pole,stable__no_zero,RL (PID-features),0.2647614847628025,2.0,0.00018360731092158142,0.635984846133668,2.844842457297579,0.0022882310231023104,0.0022398960396039606,0.0026018737623762374,0.002872108910891089,0.0026018737623762374,12,False,False,,,7.0,5.5,2.0,3.0,4.0,5.5,4.5
hidden_pole,stable__no_zero,16_16 (rich11),0.2612615691270767,2.0,0.0010432003950053136,0.6515851746388007,2.879758317894484,0.006140091584158416,0.006331475247524752,0.006477886633663366,0.006494217821782178,0.006477886633663365,12,False,False,,,3.0,5.5,4.0,4.0,8.0,5.5,5.0
hidden_pole,stable__no_zero,16_16 (compact6),0.264992616366894,2.0,0.009551885188705258,0.7437693494410159,2.8173376529412635,0.006037989273927392,0.006319925742574258,0.007290962376237623,0.0076526336633663365,0.007290962376237623,12,False,False,,,8.0,5.5,10.0,9.0,3.0,5.5,6.833333333333333
hidden_pole,stable__no_zero,32_32 (rich11),0.25958575286673674,2.0,0.004429767148449223,0.7830765670900078,2.940529884816712,0.007131117986798679,0.007116955445544555,0.007385662376237624,0.007511138613861386,0.007385662376237624,12,False,False,,,2.0,5.5,8.0,10.0,9.0,5.5,6.666666666666667
hidden_pole,stable__no_zero,32_32 (compact6),0.26210288903056345,2.0,0.0029287875075444236,0.6867967224319063,2.877844177786501,0.006867781353135315,0.006731846534653465,0.007380900495049504,0.007760732673267327,0.007380900495049504,12,False,False,,,4.0,5.5,7.0,6.0,7.0,5.5,5.833333333333333
hidden_pole,stable__no_zero,16_16_16 (rich11),0.26604609928604855,2.0,0.001637999453765552,0.6728528334839458,2.705803893137927,0.007423128712871287,0.007727306930693069,0.007973552475247525,0.008014851485148515,0.007973552475247525,12,False,False,,,9.0,5.5,5.0,5.0,2.0,5.5,5.333333333333333
hidden_pole,stable__no_zero,16_16_16 (compact6),0.26729841243562497,2.0,0.002661210704591139,0.4694330557980933,2.693687004421753,0.008002612211221121,0.007974420792079207,0.008794056435643563,0.009462039603960396,0.008794056435643563,12,False,False,,,10.0,5.5,6.0,2.0,1.0,5.5,5.0
hidden_pole,stable__no_zero,32_32_32 (rich11),0.2637185071522678,2.0,0.005929970520303435,0.7370687070835888,2.851658378635919,0.008657934818481847,0.008606851485148514,0.009019675247524752,0.009030108910891088,0.009019675247524752,12,False,False,,,5.0,5.5,9.0,8.0,5.0,5.5,6.333333333333333
hidden_pole,stable__no_zero,32_32_32 (compact6),0.2639719712459727,2.0,0.0005641754556087222,0.6934067630818413,2.870059241346302,0.008449462871287129,0.008266712871287128,0.009306576732673266,0.010115920792079208,0.009306576732673266,12,False,False,,,6.0,5.5,3.0,7.0,6.0,5.5,5.5
nominal,stable__lhp_zero,MPC,0.07278390583877566,2.0,1.068875693637833e-08,0.11570060003063232,1.4739170082191264,0.019837870462046207,0.019702975247524755,0.020567673762376237,0.020587871287128714,0.020567673762376237,12,False,False,,,1.0,5.5,1.0,3.0,10.0,5.5,4.333333333333333
nominal,stable__lhp_zero,RL (PID-features),0.07519874754789005,2.0,2.0024367834999838e-07,0.10541796831202217,1.3879917223575506,0.002257461221122112,0.002289811881188119,0.002307529207920792,0.0023077524752475246,0.002307529207920792,12,False,False,,,6.0,5.5,2.0,2.0,9.0,5.5,5.0
nominal,stable__lhp_zero,16_16 (rich11),0.0770042834923172,2.0,0.0027129969254054156,0.6756032596359082,1.2998521759127841,0.00631404702970297,0.006339935643564356,0.00685934405940594,0.00697029702970297,0.006859344059405939,12,False,False,,,10.0,5.5,10.0,10.0,2.0,5.5,7.166666666666667
nominal,stable__lhp_zero,16_16 (compact6),0.07435110076110502,2.0,4.123869327357887e-06,0.059928354156289665,1.3568062359100503,0.0060277764026402635,0.006456886138613861,0.00652710396039604,0.006528465346534654,0.00652710396039604,12,False,False,,,3.0,5.5,3.0,1.0,4.0,5.5,3.6666666666666665
nominal,stable__lhp_zero,32_32 (rich11),0.07400383183120679,2.0,8.364310972510403e-05,0.3115370440069178,1.3818602249623675,0.007159551155115512,0.007024757425742574,0.007730234158415841,0.008029287128712871,0.007730234158415841,12,False,False,,,2.0,5.5,6.0,5.0,7.0,5.5,5.166666666666667
nominal,stable__lhp_zero,32_32 (compact6),0.07652935428744344,2.0,6.215034609839299e-05,0.4385351511507577,1.2939634990632782,0.0069614273927392735,0.006850663366336634,0.007581332178217821,0.008136554455445545,0.007581332178217821,12,False,False,,,9.0,5.5,5.0,8.0,1.0,5.5,5.666666666666667
nominal,stable__lhp_zero,16_16_16 (rich11),0.07507434226966833,2.0,0.0004988392943723275,0.53277709266799,1.3551535108399637,0.0073325775577557754,0.007499381188118812,0.008754782178217822,0.009514435643564356,0.008754782178217822,12,False,False,,,5.0,5.5,9.0,9.0,3.0,5.5,6.166666666666667
nominal,stable__lhp_zero,16_16_16 (compact6),0.07569282965755883,2.0,0.00011917455396454852,0.2551678693447935,1.3655847439445645,0.0077251806930693084,0.007649128712871287,0.008451880693069307,0.008488861386138614,0.008451880693069307,12,False,False,,,8.0,5.5,7.0,4.0,6.0,5.5,6.0
nominal,stable__lhp_zero,32_32_32 (rich11),0.07466865975604242,2.0,0.00015811899754109108,0.4036838329890173,1.3869813638122659,0.008645590759075908,0.008544346534653465,0.00915284504950495,0.009776811881188119,0.00915284504950495,12,False,False,,,4.0,5.5,8.0,6.0,8.0,5.5,6.166666666666667
nominal,stable__lhp_zero,32_32_32 (compact6),0.07523847015268972,2.0,9.95702719773841e-06,0.41091426411616433,1.357029361117969,0.008524442244224424,0.008405732673267326,0.008842679207920793,0.008860148514851486,0.008842679207920793,12,False,False,,,7.0,5.5,4.0,7.0,5.0,5.5,5.666666666666667
disturbed,stable__lhp_zero,MPC,0.07766536939369008,2.0,0.046529748694425874,0.8231888028443589,1.4801390192067105,0.01982477392739274,0.01961221287128713,0.02062863514851485,0.021133257425742572,0.020628635148514853,12,False,False,,,1.0,5.5,10.0,9.0,10.0,5.5,6.833333333333333
disturbed,stable__lhp_zero,RL (PID-features),0.07972928871129033,2.0,0.0292727657755858,0.8266936542226584,1.4288785043061654,0.002191179867986799,0.002226277227722772,0.002314110396039604,0.0023259108910891092,0.002314110396039604,12,False,False,,,6.0,5.5,6.0,10.0,9.0,5.5,7.0
disturbed,stable__lhp_zero,16_16 (rich11),0.08175626304231395,2.0,0.03639378712333616,0.6684418857192879,1.3137756618353083,0.005958918316831683,0.005962049504950495,0.006920915841584159,0.006933168316831683,0.006920915841584159,12,False,False,,,10.0,5.5,9.0,3.0,2.0,5.5,5.833333333333333
disturbed,stable__lhp_zero,16_16 (compact6),0.07843741898400011,2.0,0.026457096063614682,0.6696645764523981,1.368042574720145,0.006405801980198019,0.006439148514851485,0.006695072277227722,0.006852306930693069,0.006695072277227722,12,False,False,,,3.0,5.5,1.0,4.0,3.0,5.5,3.6666666666666665
disturbed,stable__lhp_zero,32_32 (rich11),0.07786609513077886,2.0,0.02670492703741633,0.6676100687824373,1.3831751850599097,0.0069966303630363035,0.006957920792079208,0.00732549504950495,0.007652227722772277,0.00732549504950495,12,False,False,,,2.0,5.5,2.0,2.0,6.0,5.5,3.8333333333333335
disturbed,stable__lhp_zero,32_32 (compact6),0.08167923716205519,2.0,0.029040266377553227,0.7541857198553035,1.3104625990674204,0.006885451320132013,0.006871079207920792,0.007185437623762376,0.007378297029702971,0.007185437623762376,12,False,False,,,9.0,5.5,5.0,6.0,1.0,5.5,5.333333333333333
disturbed,stable__lhp_zero,16_16_16 (rich11),0.07964479630271519,2.0,0.02991404493214698,0.6614693728584271,1.3788738676009387,0.007767978547854785,0.007842618811881188,0.008037101485148515,0.008048673267326733,0.008037101485148515,12,False,False,,,5.0,5.5,7.0,1.0,5.0,5.5,4.833333333333333
disturbed,stable__lhp_zero,16_16_16 (compact6),0.08076533740972644,2.0,0.03106529083644034,0.7736956660208401,1.3727948841673103,0.007649751650165018,0.007643148514851485,0.008035126732673268,0.008177386138613862,0.008035126732673268,12,False,False,,,8.0,5.5,8.0,7.0,4.0,5.5,6.333333333333333
disturbed,stable__lhp_zero,32_32_32 (rich11),0.07982353056151442,2.0,0.02764131894074269,0.8023829086624646,1.4009850020664762,0.008601314356435642,0.00851670792079208,0.009153384653465347,0.009217821782178217,0.009153384653465347,12,False,False,,,7.0,5.5,4.0,8.0,8.0,5.5,6.333333333333333
disturbed,stable__lhp_zero,32_32_32 (compact6),0.079581552879799,2.0,0.027599290637901744,0.7141689012787938,1.3875999464398237,0.008406213696369636,0.008333950495049505,0.008858741089108911,0.009296198019801982,0.008858741089108911,12,False,False,,,4.0,5.5,3.0,5.0,7.0,5.5,5.0
hidden_pole,stable__lhp_zero,MPC,0.08978543256627396,2.0,6.53917916184399e-09,0.10414987606266919,1.7018799634484516,0.019998796204620462,0.01966026732673267,0.02128950148514851,0.021896445544554454,0.02128950148514851,12,False,False,,,1.0,5.5,1.0,2.0,10.0,5.5,4.166666666666667
hidden_pole,stable__lhp_zero,RL (PID-features),0.09081248249723145,2.0,3.601263572518413e-08,0.07482490282291131,1.538217169381218,0.0022321930693069304,0.0022405148514851483,0.0022715559405940594,0.0022726831683168316,0.0022715559405940594,12,False,False,,,4.0,5.5,2.0,1.0,9.0,5.5,4.5
hidden_pole,stable__lhp_zero,16_16 (rich11),0.0925497168241259,2.0,0.001156301004873736,0.675327209205121,1.3910153901846496,0.005963112211221123,0.006163985148514852,0.006833687623762376,0.006972772277227723,0.006833687623762376,12,False,False,,,8.0,5.5,10.0,10.0,2.0,5.5,6.833333333333333
hidden_pole,stable__lhp_zero,16_16 (compact6),0.09064210809956715,2.0,2.561107618064144e-06,0.10857995405186498,1.4917075184404363,0.006253334983498351,0.006292905940594059,0.006401732673267327,0.00643440594059406,0.006401732673267327,12,False,False,,,3.0,5.5,3.0,3.0,7.0,5.5,4.5
hidden_pole,stable__lhp_zero,32_32 (rich11),0.0909526820011835,2.0,0.00011029683935222964,0.3092895422915664,1.5166105156175715,0.006992334983498351,0.006968029702970297,0.007303155940594059,0.0073378712871287124,0.007303155940594058,12,False,False,,,5.0,5.5,7.0,6.0,8.0,5.5,6.166666666666667
hidden_pole,stable__lhp_zero,32_32 (compact6),0.09212654705813889,2.0,0.0001070813989058756,0.43780202054953016,1.3803798470667397,0.006897654290429044,0.00676320297029703,0.007530029702970296,0.00835230693069307,0.007530029702970297,12,False,False,,,7.0,5.5,6.0,8.0,1.0,5.5,5.5
hidden_pole,stable__lhp_zero,16_16_16 (rich11),0.09307600668590865,2.0,0.0011140128220604312,0.529726388384738,1.4757179331046808,0.007513407590759076,0.007718851485148516,0.007899630198019801,0.007950910891089109,0.007899630198019801,12,False,False,,,9.0,5.5,9.0,9.0,5.0,5.5,7.166666666666667
hidden_pole,stable__lhp_zero,16_16_16 (compact6),0.09318127285241737,2.0,0.00012797323688747543,0.24069276943310797,1.4569670814364073,0.0070488853135313514,0.007255361386138614,0.007890592574257425,0.0081320099009901,0.007890592574257425,12,False,False,,,10.0,5.5,8.0,4.0,4.0,5.5,6.166666666666667
hidden_pole,stable__lhp_zero,32_32_32 (rich11),0.09034289929521276,2.0,5.169308825200493e-05,0.40324231526589205,1.48471777233912,0.008573396864686469,0.008526608910891088,0.008751239108910892,0.008787544554455446,0.008751239108910892,12,False,False,,,2.0,5.5,5.0,7.0,6.0,5.5,5.166666666666667
hidden_pole,stable__lhp_zero,32_32_32 (compact6),0.09142396063541797,2.0,1.4835037157839881e-05,0.2881673277880552,1.4504564537569586,0.008498072607260725,0.008367158415841585,0.009370579207920792,0.009995455445544555,0.009370579207920792,12,False,False,,,6.0,5.5,4.0,5.0,3.0,5.5,4.833333333333333
nominal,stable__rhp_zero,MPC,0.417943582210278,2.775485675179767,1.0415700184023514e-08,0.05899722479484954,1.6196572020302775,0.020278807755775577,0.01990779207920792,0.021802971782178215,0.023108089108910893,0.021802971782178212,12,False,False,,,1.0,10.0,1.0,1.0,10.0,5.5,4.75
nominal,stable__rhp_zero,RL (PID-features),0.4261600455962214,2.6504200988401383,0.00020172687438795055,0.36115996731527433,1.3347556363928674,0.002384797854785478,0.002301980198019802,0.0028273905940594058,0.0030152673267326733,0.0028273905940594058,12,False,False,,,7.0,8.0,2.0,2.0,2.0,5.5,4.416666666666667
nominal,stable__rhp_zero,16_16 (rich11),0.43079605798919723,2.572583071433663,0.04752445181266217,0.9345100511050757,1.3707846349044948,0.006061845709570957,0.006083539603960396,0.007607382673267325,0.00859529702970297,0.007607382673267324,12,False,False,,,9.0,2.0,9.0,8.0,3.0,5.5,6.083333333333333
nominal,stable__rhp_zero,16_16 (compact6),0.4340518297255106,2.5651909188509343,0.03597800421902736,0.8990401076655447,1.2605686051856473,0.006280045379537955,0.006293524752475247,0.006978872772277227,0.007156762376237623,0.006978872772277227,12,False,False,,,10.0,1.0,8.0,3.0,1.0,5.5,4.75
nominal,stable__rhp_zero,32_32 (rich11),0.4258964965232771,2.6379090578729256,0.02748303916310248,0.9302938131237609,1.3853884543883335,0.007143976072607261,0.006945341584158416,0.007882893564356435,0.008038772277227723,0.007882893564356435,12,False,False,,,6.0,7.0,6.0,6.0,5.0,5.5,5.916666666666667
nominal,stable__rhp_zero,32_32 (compact6),0.4250543103408897,2.6070221289646387,0.03564333695617039,0.9469423092195626,1.4316938340585894,0.00694798597359736,0.006750415841584159,0.007702354455445545,0.007795386138613861,0.007702354455445545,12,False,False,,,4.0,4.0,7.0,10.0,7.0,5.5,6.25
nominal,stable__rhp_zero,16_16_16 (rich11),0.42347161658749305,2.608854852096428,0.01289234598605134,0.8990670743859167,1.4483098288789347,0.00783446782178218,0.007714930693069307,0.008568089603960395,0.00880610891089109,0.008568089603960395,12,False,False,,,3.0,6.0,4.0,4.0,9.0,5.5,5.25
nominal,stable__rhp_zero,16_16_16 (compact6),0.42927713389902655,2.5884525179867413,0.04772031503939218,0.9328782195811611,1.379491133851722,0.007126203795379537,0.007402430693069307,0.007754727227722772,0.007972772277227723,0.0077547272277227715,12,False,False,,,8.0,3.0,10.0,7.0,4.0,5.5,6.25
nominal,stable__rhp_zero,32_32_32 (rich11),0.42159005166979086,2.6610227387634913,0.003468565323843829,0.9430854190046727,1.445006337766847,0.008476519801980198,0.008393361386138613,0.008976624752475248,0.009308574257425742,0.008976624752475248,12,False,False,,,2.0,9.0,3.0,9.0,8.0,5.5,6.083333333333333
nominal,stable__rhp_zero,32_32_32 (compact6),0.4255762170695534,2.607771973220948,0.016818157128499947,0.9168412028068531,1.4239073315009245,0.00842010396039604,0.008323227722772277,0.008819138613861386,0.008830029702970298,0.008819138613861386,12,False,False,,,5.0,5.0,5.0,5.0,6.0,5.5,5.25
disturbed,stable__rhp_zero,MPC,0.4268763120709338,2.766440123961287,0.13326217766205767,0.9623113205900518,1.6579935302348818,0.01986640594059406,0.019592613861386138,0.021164375247524753,0.021300742574257427,0.02116437524752475,12,False,False,,,1.0,10.0,10.0,10.0,10.0,5.5,7.75
disturbed,stable__rhp_zero,RL (PID-features),0.4303771227123729,2.662859462046388,0.04353364007745419,0.5862896734274399,1.3810754304078776,0.002212939768976898,0.0021375841584158417,0.0025675524752475243,0.002952138613861386,0.0025675524752475243,12,False,False,,,6.0,8.0,1.0,1.0,3.0,5.5,4.083333333333333
disturbed,stable__rhp_zero,16_16 (rich11),0.4344484544801998,2.569739916073703,0.05850437305686795,0.8329916786452136,1.342130058897059,0.006676498349834983,0.006442658415841584,0.0078826702970297,0.009264019801980198,0.0078826702970297,12,False,False,,,9.0,2.0,4.0,4.0,2.0,5.5,4.416666666666667
disturbed,stable__rhp_zero,16_16 (compact6),0.4373376161974924,2.554273163944732,0.054606515270191565,0.8847798748624423,1.2908912159170898,0.006317657590759077,0.0062660891089108915,0.006920793564356435,0.007583336633663366,0.006920793564356435,12,False,False,,,10.0,1.0,3.0,6.0,1.0,5.5,4.416666666666667
disturbed,stable__rhp_zero,32_32 (rich11),0.4303622264260657,2.627070191707208,0.05862944725775965,0.8159045552743083,1.4092275533678038,0.007048611386138613,0.006948643564356436,0.007346819801980198,0.007475247524752475,0.007346819801980198,12,False,False,,,5.0,7.0,5.0,2.0,5.0,5.5,4.916666666666667
disturbed,stable__rhp_zero,32_32 (compact6),0.42945385286868243,2.6124997628839415,0.05931511106613443,0.9495723399678018,1.456787267084037,0.0068008481848184825,0.006740514851485148,0.00700769900990099,0.007011554455445545,0.00700769900990099,12,False,False,,,4.0,5.0,6.0,9.0,8.0,5.5,6.25
disturbed,stable__rhp_zero,16_16_16 (rich11),0.42879086467200606,2.6156510665124353,0.07993249461928684,0.8304629431286634,1.4483782590795915,0.007706510726072607,0.007667905940594059,0.008632301980198018,0.009396039603960396,0.008632301980198018,12,False,False,,,3.0,6.0,9.0,3.0,6.0,5.5,5.416666666666667
disturbed,stable__rhp_zero,16_16_16 (compact6),0.43218948439404187,2.5767344914405146,0.0533009314144437,0.8688197847184698,1.4084847901172666,0.006905217821782178,0.007047643564356436,0.0076862435643564354,0.007709158415841584,0.0076862435643564354,12,False,False,,,8.0,3.0,2.0,5.0,4.0,5.5,4.583333333333333
disturbed,stable__rhp_zero,32_32_32 (rich11),0.42778958875337436,2.6717824776445727,0.07908928636110141,0.9270580932800707,1.4734541988944105,0.008703176567656765,0.008667698019801981,0.008904333168316831,0.008931108910891088,0.008904333168316831,12,False,False,,,2.0,9.0,8.0,7.0,9.0,5.5,6.75
disturbed,stable__rhp_zero,32_32_32 (compact6),0.430413335944872,2.595909183819352,0.0650095309996628,0.932299256252938,1.4548923162545706,0.008910273102310231,0.008658831683168316,0.010553196534653465,0.010859742574257425,0.010553196534653465,12,False,False,,,7.0,4.0,7.0,8.0,7.0,5.5,6.416666666666667
hidden_pole,stable__rhp_zero,MPC,0.47763212753695394,2.766608582440559,2.9078850528428875e-09,0.028549259622429313,1.6461318985570543,0.019794005775577557,0.019534237623762378,0.02087209306930693,0.021260316831683168,0.02087209306930693,12,False,False,,,1.0,10.0,1.0,1.0,10.0,5.5,4.75
hidden_pole,stable__rhp_zero,RL (PID-features),0.48009284475773434,2.630623374369725,0.00011016546445668036,0.3578212845589494,1.4338501045642522,0.0020843300330033,0.001941420792079208,0.002768774257425742,0.003056930693069307,0.0027687742574257425,12,False,False,,,4.0,4.0,2.0,2.0,6.0,5.5,3.9166666666666665
hidden_pole,stable__rhp_zero,16_16 (rich11),0.484397405998729,2.6465942821469435,0.04068899842880197,0.9390112835753761,1.313842838798332,0.006283931518151815,0.006495252475247525,0.006556726237623762,0.006595297029702971,0.006556726237623762,12,False,False,,,9.0,5.0,10.0,8.0,2.0,5.5,6.583333333333333
hidden_pole,stable__rhp_zero,16_16 (compact6),0.488819019796615,2.5843007293031457,0.026216591614181835,0.9062911295514037,1.2624915315097245,0.005756257425742574,0.005988653465346535,0.006286324257425742,0.006288366336633663,0.006286324257425742,12,False,False,,,10.0,1.0,7.0,4.0,1.0,5.5,4.75
hidden_pole,stable__rhp_zero,32_32 (rich11),0.48184544887075786,2.6535375887945345,0.01962410159038067,0.9343651335038834,1.3839244065947112,0.007061573432343235,0.006906559405940594,0.00777648514851485,0.008587871287128714,0.00777648514851485,12,False,False,,,6.0,6.0,6.0,7.0,3.0,5.5,5.583333333333333
hidden_pole,stable__rhp_zero,32_32 (compact6),0.4801268272957615,2.668693792995586,0.029454059005613625,0.9442659109448731,1.4304928411181146,0.007290842409240925,0.00700990099009901,0.008807860396039605,0.009113039603960397,0.008807860396039605,12,False,False,,,5.0,7.0,8.0,9.0,5.0,5.5,6.583333333333333
hidden_pole,stable__rhp_zero,16_16_16 (rich11),0.48002080978840755,2.6709772674104793,0.004231677232741401,0.9023404337132791,1.4520816430775716,0.0072248003300330035,0.007449049504950496,0.008490117821782177,0.009222772277227722,0.008490117821782177,12,False,False,,,3.0,8.0,4.0,3.0,8.0,5.5,5.25
hidden_pole,stable__rhp_zero,16_16_16 (compact6),0.4836372600439365,2.6284940195807707,0.04066962142181858,0.9315176427958864,1.3936575118778867,0.00740580198019802,0.0076557326732673275,0.008427368811881187,0.008547851485148514,0.008427368811881187,12,False,False,,,8.0,3.0,9.0,6.0,4.0,5.5,5.916666666666667
hidden_pole,stable__rhp_zero,32_32_32 (rich11),0.4792697389515525,2.6786834687300143,0.00339048993943009,0.94713273231852,1.4533231642557174,0.00876048597359736,0.00848370792079208,0.010006311881188118,0.011461633663366336,0.010006311881188118,12,False,False,,,2.0,9.0,3.0,10.0,9.0,5.5,6.416666666666667
hidden_pole,stable__rhp_zero,32_32_32 (compact6),0.4834259484172287,2.624516310365949,0.00809234123193403,0.920889083143103,1.4465617487094087,0.008546307755775579,0.008369227722772278,0.009452764356435642,0.009795376237623762,0.009452764356435642,12,False,False,,,7.0,2.0,5.0,5.0,7.0,5.5,5.25
nominal,integrator__no_zero,MPC,0.21249541882283982,2.0,3.504924117121972e-07,0.20170594203971415,2.432378545681699,0.020182103135313535,0.020167698019801977,0.020862295544554457,0.020875,0.020862295544554453,12,False,False,,,1.0,5.5,1.0,1.0,10.0,5.5,4.0
nominal,integrator__no_zero,RL (PID-features),0.24866873852550306,2.0,0.08561367961680416,0.810393425891893,2.351290083253116,0.0016696930693069307,0.0016749158415841584,0.0017804252475247522,0.0018337425742574257,0.0017804252475247522,12,False,False,,,10.0,5.5,10.0,9.0,9.0,5.5,8.166666666666666
nominal,integrator__no_zero,16_16 (rich11),0.21829186355560634,2.0,0.005290711215807377,0.7616979378391262,2.080850751938615,0.005963661716171617,0.0063700495049504955,0.006565655940594059,0.006626237623762377,0.006565655940594059,12,False,False,,,7.0,5.5,8.0,6.0,3.0,5.5,5.833333333333333
nominal,integrator__no_zero,16_16 (compact6),0.22182784707308945,2.0,0.003206621002063265,0.809687252662661,1.9476508918663973,0.0049063886138613864,0.004789811881188119,0.0054236628712871285,0.005811881188118812,0.0054236628712871285,12,False,False,,,9.0,5.5,3.0,8.0,1.0,5.5,5.333333333333333
nominal,integrator__no_zero,32_32 (rich11),0.2161588988861608,2.0,0.004069286522194649,0.6979510022815193,2.134664541971907,0.006991643564356435,0.006961633663366337,0.007606451485148514,0.007858079207920792,0.007606451485148514,12,False,False,,,5.0,5.5,5.0,4.0,4.0,5.5,4.833333333333333
nominal,integrator__no_zero,32_32 (compact6),0.216436014042969,2.0,0.015794026982794213,0.8333443191812323,2.1618512764332714,0.006819272277227724,0.006686465346534653,0.007529862871287128,0.007841168316831683,0.007529862871287128,12,False,False,,,6.0,5.5,9.0,10.0,6.0,5.5,7.0
nominal,integrator__no_zero,16_16_16 (rich11),0.2155653241659668,2.0,0.004264526277807416,0.748881116141153,2.153331691313622,0.006600556105610562,0.006020628712871287,0.007925407425742574,0.007929039603960396,0.007925407425742574,12,False,False,,,3.0,5.5,6.0,5.0,5.0,5.5,5.0
nominal,integrator__no_zero,16_16_16 (compact6),0.21965970297025472,2.0,0.00017860451712476788,0.538779098249556,1.9693089808467008,0.006863002475247525,0.007098391089108911,0.007670419306930693,0.007719881188118812,0.007670419306930692,12,False,False,,,8.0,5.5,2.0,2.0,2.0,5.5,4.166666666666667
nominal,integrator__no_zero,32_32_32 (rich11),0.2142070699003825,2.0,0.004005701739711038,0.7667206298879308,2.227192995519838,0.008368537128712869,0.008360356435643566,0.008767099504950495,0.008994227722772277,0.008767099504950495,12,False,False,,,2.0,5.5,4.0,7.0,8.0,5.5,5.333333333333333
nominal,integrator__no_zero,32_32_32 (compact6),0.21565150742972516,2.0,0.005199417970319204,0.6303483159215627,2.1669050196610007,0.008495737623762377,0.008373554455445544,0.00911068514851485,0.009594881188118812,0.00911068514851485,12,False,False,,,4.0,5.5,7.0,3.0,7.0,5.5,5.333333333333333
disturbed,integrator__no_zero,MPC,0.21590730278054013,2.0,0.05296106337104347,1.0725129856056117,2.456428692491898,0.01979905693069307,0.019571985148514853,0.02058807574257426,0.02105321782178218,0.02058807574257426,12,False,False,,,1.0,5.5,8.0,10.0,10.0,5.5,6.666666666666667
disturbed,integrator__no_zero,RL (PID-features),0.24540045145087597,2.0,0.030693019814908806,0.6864172781653248,2.345995150777271,0.002109221122112212,0.002143356435643564,0.0022167336633663365,0.0022219504950495047,0.0022167336633663365,12,False,False,,,10.0,5.5,3.0,2.0,9.0,5.5,5.833333333333333
disturbed,integrator__no_zero,16_16 (rich11),0.22122370197973346,2.0,0.04300267482446131,0.8637914065405194,2.1008600008031593,0.005778188943894389,0.00602000495049505,0.006444140099009901,0.00655940594059406,0.006444140099009901,12,False,False,,,7.0,5.5,6.0,7.0,3.0,5.5,5.666666666666667
disturbed,integrator__no_zero,16_16 (compact6),0.22589360208461653,2.0,0.0717089388314392,0.9361701444249917,1.9593492493478053,0.006339967821782178,0.006262792079207921,0.007088507425742573,0.007818891089108911,0.007088507425742573,12,False,False,,,9.0,5.5,10.0,9.0,1.0,5.5,6.666666666666667
disturbed,integrator__no_zero,32_32 (rich11),0.2197758499390681,2.0,0.03361285308019368,0.7842890291183926,2.150074916898956,0.006907970297029703,0.00686509900990099,0.0071587237623762364,0.007384485148514851,0.0071587237623762364,12,False,False,,,5.0,5.5,4.0,4.0,4.0,5.5,4.666666666666667
disturbed,integrator__no_zero,32_32 (compact6),0.22067603373379488,2.0,0.057525116351334615,0.888064083414634,2.174351097348515,0.0069152904290429055,0.006759282178217822,0.007659198514851485,0.007900158415841584,0.007659198514851485,12,False,False,,,6.0,5.5,9.0,8.0,6.0,5.5,6.666666666666667
disturbed,integrator__no_zero,16_16_16 (rich11),0.21905382936731405,2.0,0.04158719740012054,0.8383390128923093,2.165521815033816,0.007924021452145217,0.008044554455445545,0.00848609405940594,0.008511960396039603,0.00848609405940594,12,False,False,,,3.0,5.5,5.0,5.0,5.0,5.5,4.833333333333333
disturbed,integrator__no_zero,16_16_16 (compact6),0.2222568130134027,2.0,0.022951227600250288,0.5741941250328841,1.9783233088439487,0.007485150165016501,0.00743750495049505,0.007979166336633663,0.008303633663366335,0.007979166336633663,12,False,False,,,8.0,5.5,1.0,1.0,2.0,5.5,3.8333333333333335
disturbed,integrator__no_zero,32_32_32 (rich11),0.2181049825283592,2.0,0.04806181749015132,0.8453057398277246,2.2366685754896793,0.00861104207920792,0.00853940099009901,0.008905464356435643,0.008949257425742575,0.008905464356435643,12,False,False,,,2.0,5.5,7.0,6.0,8.0,5.5,5.666666666666667
disturbed,integrator__no_zero,32_32_32 (compact6),0.21924954363072827,2.0,0.030353055249427982,0.7315389245897412,2.1824720947019034,0.008482879537953793,0.008438529702970297,0.008831189603960395,0.00902269306930693,0.008831189603960395,12,False,False,,,4.0,5.5,2.0,3.0,7.0,5.5,4.5
hidden_pole,integrator__no_zero,MPC,0.251385657200635,2.0,2.0219185369508196e-05,0.23270658965948618,2.6348690035898823,0.019863276402640264,0.019548059405940593,0.021203157425742573,0.02120338613861386,0.021203157425742573,12,False,False,,,2.0,5.5,1.0,1.0,10.0,5.5,4.166666666666667
hidden_pole,integrator__no_zero,RL (PID-features),0.27769330862397457,2.0,0.0831196642300955,0.8102529599406213,2.41086509675595,0.002266261551155115,0.002268772277227723,0.002315329207920792,0.0023296237623762375,0.002315329207920792,12,False,False,,,10.0,5.5,10.0,8.0,9.0,5.5,8.0
hidden_pole,integrator__no_zero,16_16 (rich11),0.25193482202904505,2.0,0.0029689093687521833,0.7619508891492294,2.1570909251036343,0.005962458745874587,0.006134074257425742,0.006706083168316832,0.0067376237623762375,0.006706083168316832,12,False,False,,,4.0,5.5,3.0,6.0,3.0,5.5,4.5
hidden_pole,integrator__no_zero,16_16 (compact6),0.25418924113879265,2.0,0.004669999391123546,0.8207597011134588,2.00681715876404,0.00626811798679868,0.006304044554455446,0.006461053960396039,0.006499178217821782,0.006461053960396039,12,False,False,,,7.0,5.5,4.0,9.0,1.0,5.5,5.333333333333333
hidden_pole,integrator__no_zero,32_32 (rich11),0.2522123730812863,2.0,0.004894974578774351,0.7003540674189359,2.1969920296752337,0.007010313531353136,0.006858089108910891,0.007740942574257425,0.007906356435643564,0.007740942574257425,12,False,False,,,5.0,5.5,5.0,4.0,4.0,5.5,4.833333333333333
hidden_pole,integrator__no_zero,32_32 (compact6),0.2523154711977608,2.0,0.015628534059571434,0.8337803110692866,2.227845825940041,0.0068326806930693075,0.006768767326732673,0.007212338613861386,0.007631188118811881,0.007212338613861386,12,False,False,,,6.0,5.5,9.0,10.0,6.0,5.5,7.0
hidden_pole,integrator__no_zero,16_16_16 (rich11),0.25154671119824756,2.0,0.00589026266157388,0.7500864492363908,2.2034283616106762,0.007955308580858085,0.007935024752475248,0.008518155445544554,0.008976485148514853,0.008518155445544554,12,False,False,,,3.0,5.5,6.0,5.0,5.0,5.5,5.0
hidden_pole,integrator__no_zero,16_16_16 (compact6),0.2551790231338056,2.0,0.0015472851290330015,0.23804017572561473,2.009973313263255,0.0074518349834983505,0.007403465346534653,0.008269305445544554,0.008565178217821781,0.008269305445544554,12,False,False,,,8.0,5.5,2.0,2.0,2.0,5.5,4.166666666666667
hidden_pole,integrator__no_zero,32_32_32 (rich11),0.2509867200338871,2.0,0.006889742509506192,0.7690951211677571,2.280881474932405,0.00872796204620462,0.008499787128712872,0.009549854950495049,0.00972979207920792,0.009549854950495049,12,False,False,,,1.0,5.5,8.0,7.0,8.0,5.5,5.833333333333333
hidden_pole,integrator__no_zero,32_32_32 (compact6),0.2553366672397042,2.0,0.006202520971114909,0.6358875723823102,2.238261888607961,0.008502921617161716,0.008404084158415842,0.009006452970297028,0.009169138613861386,0.009006452970297028,12,False,False,,,9.0,5.5,7.0,3.0,7.0,5.5,6.166666666666667
nominal,integrator__lhp_zero,MPC,0.06963380354844916,2.0,2.2114335752323907e-08,0.1265243287911003,1.1716906990346094,0.020260793729372936,0.020045995049504953,0.021370233663366336,0.02182879207920792,0.021370233663366336,12,False,False,,,1.0,5.5,1.0,2.0,8.0,5.5,3.8333333333333335
nominal,integrator__lhp_zero,RL (PID-features),0.07936678730758122,2.0,3.619565907402803e-06,0.3025181603744795,1.2528659032257452,0.0023106419141914196,0.0022889801980198023,0.002446268316831683,0.0024542079207920792,0.002446268316831683,12,False,False,,,10.0,5.5,2.0,3.0,10.0,5.5,6.0
nominal,integrator__lhp_zero,16_16 (rich11),0.07093987113644631,2.0,0.001294678814766772,0.5831280285191619,1.1159197810259862,0.005888750000000001,0.006293519801980198,0.006576892574257426,0.0065886930693069305,0.0065768925742574254,12,False,False,,,2.0,5.5,8.0,5.0,6.0,5.5,5.333333333333333
nominal,integrator__lhp_zero,16_16 (compact6),0.07314018001192943,2.0,0.014513376973705595,0.8443740786237529,1.0656979329884577,0.00632494389438944,0.006290222772277228,0.006547444059405941,0.006660891089108911,0.006547444059405941,12,False,False,,,9.0,5.5,10.0,10.0,1.0,5.5,6.833333333333333
nominal,integrator__lhp_zero,32_32 (rich11),0.07119276181604435,2.0,0.00010706088739375609,0.7437150563759739,1.1928042481915735,0.0074125412541254125,0.0073224009900990095,0.007974690594059405,0.008232673267326733,0.007974690594059405,12,False,False,,,3.0,5.5,4.0,9.0,9.0,5.5,6.0
nominal,integrator__lhp_zero,32_32 (compact6),0.07168038448869875,2.0,0.0005935543072041116,0.7281384343161377,1.084914148559663,0.0071510924092409245,0.007061054455445545,0.007549133663366336,0.00782549504950495,0.007549133663366336,12,False,False,,,6.0,5.5,6.0,8.0,3.0,5.5,5.666666666666667
nominal,integrator__lhp_zero,16_16_16 (rich11),0.07120134055704472,2.0,0.003034496883818382,0.6719387778807275,1.1342158701273206,0.007919759900990099,0.00782240099009901,0.008501608910891089,0.008524752475247525,0.008501608910891089,12,False,False,,,4.0,5.5,9.0,7.0,7.0,5.5,6.333333333333333
nominal,integrator__lhp_zero,16_16_16 (compact6),0.07269372373338324,2.0,3.944420614978684e-05,0.07822754672139894,1.1151582675931055,0.007352688943894389,0.007593445544554455,0.007818913861386138,0.00786179207920792,0.007818913861386138,12,False,False,,,8.0,5.5,3.0,1.0,5.0,5.5,4.666666666666667
nominal,integrator__lhp_zero,32_32_32 (rich11),0.07141768504046575,2.0,0.00042784555988137417,0.6065430505897348,1.0793817826434529,0.00888132508250825,0.00883890099009901,0.00906520396039604,0.00918069306930693,0.00906520396039604,12,False,False,,,5.0,5.5,5.0,6.0,2.0,5.5,4.833333333333333
nominal,integrator__lhp_zero,32_32_32 (compact6),0.07210291747694238,2.0,0.000621741237329398,0.410942240053066,1.1040568848233276,0.008924161716171617,0.008823643564356436,0.009382981188118813,0.009864683168316832,0.009382981188118813,12,False,False,,,7.0,5.5,7.0,4.0,4.0,5.5,5.5
disturbed,integrator__lhp_zero,MPC,0.07496147912696986,2.0,0.04585780785060356,0.7603735253610076,1.1901780682009937,0.020346361386138618,0.020211425742574257,0.021642574257425738,0.02256559405940594,0.021642574257425738,12,False,False,,,1.0,5.5,8.0,2.0,8.0,5.5,5.0
disturbed,integrator__lhp_zero,RL (PID-features),0.08422724659728188,2.0,0.032791777385212315,0.6643813974873465,1.2768570053637363,0.002195990099009901,0.00219760396039604,0.0023080014851485147,0.00235519801980198,0.0023080014851485147,12,False,False,,,10.0,5.5,2.0,1.0,10.0,5.5,5.666666666666667
disturbed,integrator__lhp_zero,16_16 (rich11),0.07756912696944725,2.0,0.036471423710718966,0.7622160711054042,1.1449168014604054,0.007268254125412541,0.00608230198019802,0.012731975247524747,0.01763160396039604,0.012731975247524747,12,False,False,,,6.0,5.5,6.0,3.0,6.0,5.5,5.333333333333333
disturbed,integrator__lhp_zero,16_16 (compact6),0.08081183223802456,2.0,0.04586623413742536,0.8221121439309926,1.0884777707961122,0.006073500000000002,0.006212044554455445,0.006566314851485149,0.006569712871287129,0.006566314851485149,12,False,False,,,9.0,5.5,9.0,8.0,1.0,5.5,6.333333333333333
disturbed,integrator__lhp_zero,32_32 (rich11),0.0769604531450891,2.0,0.04015648762604948,0.9955630880642276,1.2128293971296773,0.007225042904290429,0.007094683168316832,0.008052555940594059,0.008418316831683169,0.008052555940594059,12,False,False,,,5.0,5.5,7.0,10.0,9.0,5.5,7.0
disturbed,integrator__lhp_zero,32_32 (compact6),0.07682283121615777,2.0,0.03415635838819619,0.7664352435792496,1.1241330892031007,0.006724697194719472,0.0066866732673267325,0.007152315346534653,0.0076006633663366335,0.007152315346534652,12,False,False,,,4.0,5.5,3.0,4.0,3.0,5.5,4.166666666666667
disturbed,integrator__lhp_zero,16_16_16 (rich11),0.07658953694867289,2.0,0.03482828521474708,0.7912929370600148,1.1516313724726626,0.0074970445544554455,0.007592821782178218,0.007965592574257425,0.008089930693069307,0.007965592574257425,12,False,False,,,3.0,5.5,4.0,5.0,7.0,5.5,5.0
disturbed,integrator__lhp_zero,16_16_16 (compact6),0.07903512127466787,2.0,0.03161429552424724,0.8609193208406438,1.1378044514999823,0.006713525577557756,0.006237831683168316,0.007815126237623763,0.007836227722772277,0.007815126237623763,12,False,False,,,8.0,5.5,1.0,9.0,5.0,5.5,5.666666666666667
disturbed,integrator__lhp_zero,32_32_32 (rich11),0.07643754835366881,2.0,0.03491402674573238,0.8158279419029402,1.1019931409751307,0.008515781353135314,0.00837458910891089,0.009126421782178217,0.00969389108910891,0.009126421782178217,12,False,False,,,2.0,5.5,5.0,7.0,2.0,5.5,4.5
disturbed,integrator__lhp_zero,32_32_32 (compact6),0.07793056507269809,2.0,0.05802512498814683,0.7987653651426512,1.1313678955598276,0.008572021452145214,0.008508663366336634,0.008883227227722772,0.008931099009900991,0.008883227227722772,12,False,False,,,7.0,5.5,10.0,6.0,4.0,5.5,6.333333333333333
hidden_pole,integrator__lhp_zero,MPC,0.0890534713381402,2.0,8.375078406968175e-09,0.09825126562234666,1.458639868132443,0.019950429042904293,0.01990841584158416,0.02050472722772277,0.020518564356435644,0.02050472722772277,12,False,False,,,4.0,5.5,1.0,2.0,9.0,5.5,4.5
hidden_pole,integrator__lhp_zero,RL (PID-features),0.10292098887997271,2.0,3.0953784572079743e-06,0.13602223158484777,1.492374143514437,0.002240545379537954,0.002242569306930693,0.002275107920792079,0.002278059405940594,0.002275107920792079,12,False,False,,,10.0,5.5,2.0,3.0,10.0,5.5,6.0
hidden_pole,integrator__lhp_zero,16_16 (rich11),0.08766600600421207,2.0,0.0013698981355814335,0.5856111019290509,1.3168416641073242,0.004873898514851485,0.004916252475247525,0.005054431188118812,0.005084158415841584,0.005054431188118812,12,False,False,,,1.0,5.5,6.0,5.0,7.0,5.5,5.0
hidden_pole,integrator__lhp_zero,16_16 (compact6),0.08936813269265248,2.0,0.013153183400168906,0.8470667306281643,1.20133203252864,0.005953590759075908,0.00620730198019802,0.0063584,0.006370881188118812,0.006358399999999999,12,False,False,,,7.0,5.5,10.0,10.0,2.0,5.5,6.666666666666667
hidden_pole,integrator__lhp_zero,32_32 (rich11),0.08792765505214711,2.0,0.001671673375737137,0.7477863494647272,1.283161580445508,0.007072712046204621,0.007008871287128713,0.007466441584158416,0.007728960396039605,0.007466441584158417,12,False,False,,,2.0,5.5,8.0,9.0,6.0,5.5,6.0
hidden_pole,integrator__lhp_zero,32_32 (compact6),0.08799098019612431,2.0,0.001542599000280228,0.7278982506808614,1.2609245188258507,0.00674126897689769,0.006772688118811881,0.007203547524752475,0.007496702970297029,0.007203547524752475,12,False,False,,,3.0,5.5,7.0,8.0,5.0,5.5,5.666666666666667
hidden_pole,integrator__lhp_zero,16_16_16 (rich11),0.0907081210027126,2.0,0.001740028273418874,0.6728687965190481,1.3222149394867477,0.006875825907590759,0.007197816831683168,0.007558725247524753,0.007573019801980199,0.007558725247524754,12,False,False,,,8.0,5.5,9.0,7.0,8.0,5.5,7.166666666666667
hidden_pole,integrator__lhp_zero,16_16_16 (compact6),0.0890608753297342,2.0,1.8743707471412267e-05,0.06970761220691327,1.2351050479625607,0.00617883498349835,0.006005980198019802,0.007236568811881188,0.007536297029702971,0.007236568811881188,12,False,False,,,5.0,5.5,3.0,1.0,3.0,5.5,3.8333333333333335
hidden_pole,integrator__lhp_zero,32_32_32 (rich11),0.0909471897952981,2.0,0.0013155823940337868,0.6024369828183322,1.1957614754688797,0.008437913366336633,0.008357059405940594,0.008820561881188118,0.00891790099009901,0.008820561881188118,12,False,False,,,9.0,5.5,5.0,6.0,1.0,5.5,5.333333333333333
hidden_pole,integrator__lhp_zero,32_32_32 (compact6),0.08910814318305615,2.0,0.000373902400897209,0.43382963855700896,1.2448938875373183,0.008564423267326733,0.008435638613861386,0.008945337623762376,0.009124594059405942,0.008945337623762376,12,False,False,,,6.0,5.5,4.0,4.0,4.0,5.5,4.833333333333333
nominal,integrator__rhp_zero,MPC,0.4334580087945704,2.824942903781289,3.1540110097740884e-08,0.07023722157433956,1.2912334684570557,0.01975044801980198,0.01986138613861386,0.020501073762376237,0.020593653465346536,0.02050107376237624,12,False,False,,,1.0,9.0,1.0,1.0,9.0,5.5,4.416666666666667
nominal,integrator__rhp_zero,RL (PID-features),0.46191701189199585,2.9489995960696924,0.1059335948395961,0.8639683146744719,1.4764210033832312,0.0017682904290429043,0.001693480198019802,0.0021638599009900987,0.0025305247524752476,0.0021638599009900987,12,False,False,,,9.0,10.0,9.0,2.0,10.0,5.5,7.583333333333333
nominal,integrator__rhp_zero,16_16 (rich11),0.4475282910210667,2.5551703724210713,0.056229870877945384,0.9479293544026991,1.0297482662027215,0.005954688118811881,0.006249386138613861,0.006694429207920792,0.006724831683168317,0.006694429207920791,12,False,False,,,5.0,5.0,6.0,6.0,5.0,5.5,5.416666666666667
nominal,integrator__rhp_zero,16_16 (compact6),0.4594056083645609,2.4955292692955684,0.09845899289399436,1.0009493281626138,0.9471749215963816,0.004831683168316832,0.004873762376237624,0.005353547524752476,0.005398930693069307,0.005353547524752475,12,False,False,,,8.0,2.0,7.0,8.0,2.0,5.5,5.416666666666667
nominal,integrator__rhp_zero,32_32 (rich11),0.44266096504723207,2.6244388090989506,0.011706781753497144,0.9573089758018171,1.030907296478554,0.006728168316831682,0.006696777227722772,0.006879186633663366,0.007003306930693069,0.006879186633663366,12,False,False,,,4.0,6.0,3.0,7.0,6.0,5.5,5.25
nominal,integrator__rhp_zero,32_32 (compact6),0.4390948107517576,2.6640056169117114,0.01966056880124896,1.0239689489399377,1.1084601299413603,0.006863792079207921,0.006794554455445545,0.007329268316831683,0.007612207920792079,0.007329268316831683,12,False,False,,,2.0,8.0,4.0,9.0,8.0,5.5,6.083333333333333
nominal,integrator__rhp_zero,16_16_16 (rich11),0.4518139750025303,2.5202679322827666,0.002168155846807632,0.8963533679215706,0.9546252363036097,0.006364203795379539,0.00604310396039604,0.00790150792079208,0.007938940594059406,0.00790150792079208,12,False,False,,,6.0,3.0,2.0,3.0,3.0,5.5,3.75
nominal,integrator__rhp_zero,16_16_16 (compact6),0.4734738640126581,2.4732802018744855,0.1077960390129369,1.0728447628495577,0.8646851756981758,0.006917386963696369,0.007008866336633663,0.00796476386138614,0.007998346534653466,0.00796476386138614,12,False,False,,,10.0,1.0,10.0,10.0,1.0,5.5,6.25
nominal,integrator__rhp_zero,32_32_32 (rich11),0.4421713449187099,2.630935917743736,0.02828569175086847,0.8974021644112953,1.008552102120896,0.008755191419141915,0.008680277227722771,0.009247586633663365,0.009253712871287128,0.009247586633663365,12,False,False,,,3.0,7.0,5.0,4.0,4.0,5.5,4.75
nominal,integrator__rhp_zero,32_32_32 (compact6),0.45394697223828867,2.554248314497523,0.10264145487046027,0.8978120556973241,1.0456031613779524,0.008668765676567656,0.008551980198019803,0.009278325742574258,0.009286722772277227,0.009278325742574258,12,False,False,,,7.0,4.0,8.0,5.0,7.0,5.5,6.083333333333333
disturbed,integrator__rhp_zero,MPC,0.45171531376990703,2.82231389071777,0.2064949257928986,0.998786209319825,1.2823989648490304,0.02037874504950495,0.02004620297029703,0.021915609900990098,0.021924910891089108,0.021915609900990098,12,False,False,,,1.0,9.0,4.0,6.0,9.0,5.0,5.666666666666667
disturbed,integrator__rhp_zero,RL (PID-features),0.4906733234144021,2.945593300054094,0.2654787684778624,0.8616958599819532,1.4641312156996034,0.00231686798679868,0.002316009900990099,0.002479109900990099,0.0025115544554455446,0.002479109900990099,12,False,False,,,8.0,10.0,6.0,1.0,10.0,5.0,6.666666666666667
disturbed,integrator__rhp_zero,16_16 (rich11),0.47511029542442756,2.5608377835937026,0.2934113325504986,1.2109002289776671,1.0087050320819106,0.006133320132013201,0.006351074257425742,0.006615824257425742,0.006646455445544554,0.006615824257425742,12,True,True,late_escalation,tail_rms=0.2934>0.2 and tail_g=1.211>1.2,5.0,5.0,8.0,10.0,4.0,10.0,7.0
disturbed,integrator__rhp_zero,16_16 (compact6),0.5013937159033262,2.5131412274186635,0.3330815606807791,0.9551252197215737,0.9710383808630098,0.006036646864686469,0.0063585,0.006507443069306932,0.006550326732673268,0.006507443069306932,12,False,False,,,9.0,2.0,9.0,2.0,3.0,5.0,5.0
disturbed,integrator__rhp_zero,32_32 (rich11),0.45287992740819805,2.626065913629522,0.11626041388992155,1.0020668751487083,1.0115138238729986,0.0070786914191419146,0.007040217821782178,0.0072982485148514855,0.007450495049504951,0.0072982485148514855,12,False,False,,,2.0,6.0,2.0,7.0,5.0,5.0,4.5
disturbed,integrator__rhp_zero,32_32 (compact6),0.4681296360364084,2.6644414665692047,0.27552093436541214,1.1005886228096151,1.1215373896986998,0.006892188118811881,0.006785272277227724,0.007400906435643564,0.00765139603960396,0.007400906435643564,12,False,False,,,4.0,8.0,7.0,8.0,8.0,5.0,6.666666666666667
disturbed,integrator__rhp_zero,16_16_16 (rich11),0.47517693314070186,2.5197273599818004,0.23744523461950962,0.987100449072097,0.9581373504532865,0.0072812821782178225,0.00758580198019802,0.008305380693069306,0.00865139603960396,0.008305380693069306,12,False,False,,,6.0,3.0,5.0,5.0,2.0,5.0,4.333333333333333
disturbed,integrator__rhp_zero,16_16_16 (compact6),0.47893185058954396,2.495356020851974,0.11522672205677144,1.1021550583954614,0.8936363616675008,0.00787747607260726,0.0077854752475247525,0.00876546881188119,0.008817653465346536,0.00876546881188119,12,False,False,,,7.0,1.0,1.0,9.0,1.0,5.0,4.0
disturbed,integrator__rhp_zero,32_32_32 (rich11),0.45847990993612026,2.637476649196706,0.191743224626177,0.9869765312499796,1.0121631583344246,0.00866938201320132,0.008564772277227722,0.009190926237623761,0.00961839603960396,0.009190926237623761,12,False,False,,,3.0,7.0,3.0,4.0,6.0,5.0,4.666666666666667
disturbed,integrator__rhp_zero,32_32_32 (compact6),0.5054480375426202,2.552199407349486,0.3831286945112686,0.9851681432581353,1.0502847984213806,0.008605508250825082,0.008491336633663367,0.009125945544554454,0.009778049504950495,0.009125945544554454,12,False,False,,,10.0,4.0,10.0,3.0,7.0,5.0,6.5
hidden_pole,integrator__rhp_zero,MPC,0.48438356608339445,2.7219076919988465,8.522213026499978e-07,0.1427162922650853,1.245851882765341,0.020081303630363038,0.019836430693069305,0.021452059405940593,0.021607257425742574,0.021452059405940593,12,False,False,,,1.0,9.0,1.0,1.0,9.0,5.5,4.416666666666667
hidden_pole,integrator__rhp_zero,RL (PID-features),0.5296556630962143,2.819936994022628,0.10388688823332114,0.8642463818382979,1.4181433758164934,0.002191042079207921,0.0022335000000000002,0.0022728975247524753,0.002275168316831683,0.0022728975247524753,12,False,False,,,10.0,10.0,9.0,2.0,10.0,5.5,7.75
hidden_pole,integrator__rhp_zero,16_16 (rich11),0.4947213721322864,2.546764298016468,0.05996431512312395,0.975623603300761,1.0066427114810452,0.005869188943894391,0.006086425742574258,0.006514087128712871,0.0066835742574257425,0.006514087128712871,12,False,False,,,6.0,5.0,6.0,6.0,4.0,5.5,5.416666666666667
hidden_pole,integrator__rhp_zero,16_16 (compact6),0.5070626991945464,2.4745108925879142,0.09845380875302331,1.0087167265011463,0.9465059381928197,0.005981334158415842,0.00626670792079208,0.006372136138613862,0.006387792079207921,0.006372136138613862,12,False,False,,,7.0,2.0,8.0,7.0,2.0,5.5,5.25
hidden_pole,integrator__rhp_zero,32_32 (rich11),0.49438048772701737,2.5531030604844527,0.007839764754393639,2.934887954690241,1.0405644907222933,0.007057411716171617,0.0069867970297029704,0.007397586633663366,0.007496287128712871,0.007397586633663366,12,False,False,,,5.0,6.0,3.0,10.0,5.0,5.5,5.75
hidden_pole,integrator__rhp_zero,32_32 (compact6),0.485379462772111,2.5954441978029474,0.0193763675304107,1.0223135604104956,1.0861030641487566,0.006869395214521453,0.006765678217821782,0.007367715346534653,0.007953792079207921,0.007367715346534654,12,False,False,,,2.0,7.0,4.0,8.0,8.0,5.5,5.75
hidden_pole,integrator__rhp_zero,16_16_16 (rich11),0.49405525097122516,2.50156560421901,0.0011713333323869154,0.8687844478093347,0.9767939990802038,0.007513167491749176,0.007822816831683168,0.00859814504950495,0.009120465346534653,0.00859814504950495,12,False,False,,,4.0,3.0,2.0,3.0,3.0,5.5,3.4166666666666665
hidden_pole,integrator__rhp_zero,16_16_16 (compact6),0.5215027538685053,2.4132624561352025,0.11278367124963382,1.0691692662508925,0.8854075378996453,0.007676464521452145,0.00763819801980198,0.008104911386138614,0.008471118811881189,0.008104911386138614,12,False,False,,,9.0,1.0,10.0,9.0,1.0,5.5,5.916666666666667
hidden_pole,integrator__rhp_zero,32_32_32 (rich11),0.488148189142596,2.6047136614018065,0.03033821181549994,0.899782706622524,1.0515406847989786,0.008813428217821781,0.008721118811881189,0.009324710891089109,0.009592,0.009324710891089109,12,False,False,,,3.0,8.0,5.0,5.0,7.0,5.5,5.583333333333333
hidden_pole,integrator__rhp_zero,32_32_32 (compact6),0.5106531845528862,2.546578644964349,0.09165720270836411,0.8707720093113369,1.0491146580104325,0.008613828382838284,0.008426980198019803,0.009496164851485148,0.010350663366336634,0.009496164851485148,12,False,False,,,8.0,4.0,7.0,4.0,6.0,5.5,5.75
nominal,unstable__no_zero,MPC,0.2198367751959177,2.0,3.3552701903547774e-07,0.2509033979445292,2.1284503858140225,0.020210497524752475,0.01974071782178218,0.021934837623762374,0.022254534653465347,0.021934837623762374,12,False,False,,,1.0,5.5,1.0,2.0,4.0,5.5,3.1666666666666665
nominal,unstable__no_zero,RL (PID-features),0.6832819824292236,2.0,0.006011479468045056,0.6965770682875267,4.358618776382649,0.00219190099009901,0.002196168316831683,0.0022419524752475247,0.0022714455445544553,0.0022419524752475247,12,False,False,,,10.0,5.5,6.0,8.0,10.0,5.5,7.5
nominal,unstable__no_zero,16_16 (rich11),0.22763328842631522,2.0,0.007968010464002782,0.298962705330345,2.1613519208256498,0.006180796204620462,0.0063929504950495045,0.0070063509900990095,0.007553633663366336,0.0070063509900990095,12,False,False,,,9.0,5.5,8.0,3.0,7.0,5.5,6.333333333333333
nominal,unstable__no_zero,16_16 (compact6),0.22651209308975356,2.0,0.027340900864399685,1.3286712255022168,2.1187460060649177,0.0056708275577557745,0.00611509900990099,0.006372012376237623,0.006389029702970297,0.006372012376237623,12,False,False,,,8.0,5.5,10.0,10.0,3.0,5.5,7.0
nominal,unstable__no_zero,32_32 (rich11),0.22199005504697708,2.0,0.0012080589730000168,0.5899502263482395,2.1930352610191637,0.0069043250825082505,0.006847153465346535,0.0071635301980198015,0.0073568415841584155,0.0071635301980198015,12,False,False,,,4.0,5.5,2.0,6.0,9.0,5.5,5.333333333333333
nominal,unstable__no_zero,32_32 (compact6),0.22103780767983386,2.0,0.006902480108900925,0.6881162948229163,2.0957178218308785,0.006850660891089108,0.0068125,0.007042264851485148,0.007060643564356436,0.007042264851485148,12,False,False,,,3.0,5.5,7.0,7.0,1.0,5.5,4.833333333333333
nominal,unstable__no_zero,16_16_16 (rich11),0.22228396798261016,2.0,0.002397251488614546,0.356281761165635,2.130893127652682,0.007413913366336633,0.007678420792079208,0.008071634158415842,0.008143564356435644,0.008071634158415842,12,False,False,,,5.0,5.5,4.0,4.0,5.0,5.5,4.833333333333333
nominal,unstable__no_zero,16_16_16 (compact6),0.22082856096564776,2.0,0.0026327859808928556,0.22345966846913562,2.163817528717059,0.007662369636963697,0.007643356435643564,0.008293567326732672,0.009030534653465348,0.008293567326732672,12,False,False,,,2.0,5.5,5.0,1.0,8.0,5.5,4.5
nominal,unstable__no_zero,32_32_32 (rich11),0.22237526148247003,2.0,0.0013109882854078212,0.43586546034106843,2.1111892420198313,0.0086944100660066,0.00848659405940594,0.009487338613861387,0.009522277227722772,0.009487338613861387,12,False,False,,,6.0,5.5,3.0,5.0,2.0,5.5,4.5
nominal,unstable__no_zero,32_32_32 (compact6),0.22301213530617928,2.0,0.01642195415023517,0.7578308480599039,2.1448774102313344,0.008622766501650165,0.008385727722772279,0.009739622772277228,0.00976980198019802,0.009739622772277228,12,False,False,,,7.0,5.5,9.0,9.0,6.0,5.5,7.0
disturbed,unstable__no_zero,MPC,0.22556672354087598,2.0,0.06784157446264719,1.335003904629785,2.1297169276703074,0.019732122937293723,0.019673673267326733,0.020422029702970294,0.02080321782178218,0.020422029702970294,12,False,False,,,1.0,5.5,9.0,8.0,1.0,5.5,5.0
disturbed,unstable__no_zero,RL (PID-features),0.6907041352278362,2.0,0.01655209558051205,0.20173077912114484,4.357585857067241,0.0022938663366336635,0.002205653465346535,0.0027236975247524743,0.003260306930693069,0.0027236975247524743,12,False,False,,,10.0,5.5,1.0,1.0,10.0,5.5,5.5
disturbed,unstable__no_zero,16_16 (rich11),0.23157399925095937,2.0,0.05317592702293803,1.0400720579116045,2.2154658888237684,0.0059809207920792085,0.006399960396039604,0.006570917326732673,0.006630366336633663,0.006570917326732673,12,False,False,,,8.0,5.5,8.0,3.0,8.0,5.5,6.333333333333333
disturbed,unstable__no_zero,16_16 (compact6),0.23249802124520624,2.0,0.07747601932481568,0.6341638508228046,2.2320159530269383,0.006430178217821782,0.006331683168316832,0.006999359405940594,0.007017732673267326,0.006999359405940594,12,False,False,,,9.0,5.5,10.0,2.0,9.0,5.5,6.833333333333333
disturbed,unstable__no_zero,32_32 (rich11),0.22579932222766466,2.0,0.02369807002574705,1.5989806580615216,2.199389047564278,0.007069547854785478,0.00694059405940594,0.007649299009900989,0.008321366336633664,0.00764929900990099,12,False,False,,,2.0,5.5,3.0,10.0,6.0,5.5,5.333333333333333
disturbed,unstable__no_zero,32_32 (compact6),0.22596500994522986,2.0,0.0265893853439588,1.2875910799882828,2.1641780304647753,0.006932548679867988,0.006755361386138614,0.007833372772277226,0.008935643564356437,0.007833372772277226,12,False,False,,,3.0,5.5,5.0,7.0,2.0,5.5,4.666666666666667
disturbed,unstable__no_zero,16_16_16 (rich11),0.22602869820447077,2.0,0.030977678780672643,1.2564458596871362,2.1975586385562167,0.007813736798679867,0.007814148514851486,0.00823354108910891,0.008478138613861385,0.00823354108910891,12,False,False,,,4.0,5.5,6.0,6.0,5.0,5.5,5.333333333333333
disturbed,unstable__no_zero,16_16_16 (compact6),0.2274947567208234,2.0,0.02655711691755499,1.0583420248064785,2.1664942234801257,0.007638509075907591,0.007668108910891089,0.008213304455445545,0.008460396039603961,0.008213304455445545,12,False,False,,,7.0,5.5,4.0,4.0,3.0,5.5,4.833333333333333
disturbed,unstable__no_zero,32_32_32 (rich11),0.22610924345987374,2.0,0.032777116125466146,1.2351734697339636,2.1757805596458244,0.008703175742574258,0.00859900495049505,0.009360459405940593,0.009876653465346535,0.009360459405940593,12,False,False,,,5.0,5.5,7.0,5.0,4.0,5.5,5.333333333333333
disturbed,unstable__no_zero,32_32_32 (compact6),0.2274117087286568,2.0,0.021638513047245487,1.546838977694254,2.2028430760301756,0.008550330858085807,0.008491955445544553,0.0088615099009901,0.008900990099009902,0.0088615099009901,12,False,False,,,6.0,5.5,2.0,9.0,7.0,5.5,5.833333333333333
hidden_pole,unstable__no_zero,MPC,0.26846993122021445,2.0,0.00010673006783531693,0.39496721179063254,2.7095138221224713,0.02005473102310231,0.01986138613861386,0.021011803465346535,0.021113455445544552,0.021011803465346538,12,False,False,,,1.0,5.0,1.0,2.0,9.0,5.0,3.8333333333333335
hidden_pole,unstable__no_zero,RL (PID-features),0.8738331477158293,2.0,0.0030022552455543044,0.2052123769839189,4.657014078843873,0.002233980198019802,0.002224420792079208,0.002326091089108911,0.0023308613861386137,0.002326091089108911,12,False,False,,,9.0,5.0,3.0,1.0,10.0,5.0,5.5
hidden_pole,unstable__no_zero,16_16 (rich11),0.29463987638093897,2.0,0.06244164712104065,0.876401574174686,2.493440923557586,0.005914226897689768,0.0058985148514851485,0.006983267821782178,0.0071831683168316835,0.006983267821782178,12,False,False,,,8.0,5.0,8.0,9.0,4.0,5.0,6.5
hidden_pole,unstable__no_zero,16_16 (compact6),0.2925136980727304,2.0,0.14677220780108075,0.8586209572862878,2.409941903551201,0.00623425495049505,0.006250207920792079,0.006696013861386138,0.006874584158415842,0.006696013861386138,12,False,False,,,7.0,5.0,9.0,8.0,1.0,5.0,5.833333333333333
hidden_pole,unstable__no_zero,32_32 (rich11),0.2788200162630209,2.0,0.01774743866098968,0.6366689145273986,2.643912959592208,0.007090761551155116,0.006946579207920792,0.007732738118811881,0.008492168316831684,0.007732738118811881,12,False,False,,,4.0,5.0,5.0,3.0,8.0,5.0,5.0
hidden_pole,unstable__no_zero,32_32 (compact6),0.27310486992445626,2.0,0.013646584085199377,0.7624976152932023,2.515995653166732,0.006884763201320133,0.006862420792079208,0.007136924257425742,0.007300742574257426,0.0071369242574257415,12,False,False,,,3.0,5.0,4.0,6.0,5.0,5.0,4.666666666666667
hidden_pole,unstable__no_zero,16_16_16 (rich11),0.2834344997096234,2.0,0.036619917345264076,0.6523938208454488,2.5434856693941024,0.007716688118811882,0.007705242574257426,0.008154272772277227,0.008374594059405941,0.008154272772277227,12,False,False,,,6.0,5.0,6.0,5.0,6.0,5.0,5.5
hidden_pole,unstable__no_zero,16_16_16 (compact6),374.21198943831376,83.14254372207526,38.00110770093575,3.052399250879742,2.6360337410010106,0.007151161716171618,0.007635311881188119,0.007766113366336634,0.007777227722772277,0.007766113366336634,12,True,True,"peak_error,late_escalation",peak_error=83.14>10; tail_rms=38>0.2 and tail_g=3.052>1.2,10.0,10.0,10.0,10.0,7.0,10.0,9.5
hidden_pole,unstable__no_zero,32_32_32 (rich11),0.27956584841612464,2.0,0.039517437899629505,0.648803801500513,2.4568790950862556,0.008710395214521452,0.008649336633663365,0.008991209900990099,0.009124168316831683,0.008991209900990099,12,False,False,,,5.0,5.0,7.0,4.0,2.0,5.0,4.666666666666667
hidden_pole,unstable__no_zero,32_32_32 (compact6),0.27259746045733835,2.0,0.0022592614980701297,0.8218886590966176,2.4678616337725607,0.008460775577557755,0.00840491089108911,0.008744639108910891,0.009016910891089108,0.008744639108910891,12,False,False,,,2.0,5.0,2.0,7.0,3.0,5.0,4.0
nominal,unstable__lhp_zero,MPC,0.06953570784912798,2.0,2.6586824455841172e-08,0.1424213189274894,0.9999999382150646,0.020007564356435643,0.019887584158415843,0.021335765841584156,0.02211220792079208,0.021335765841584156,12,False,False,,,1.0,5.5,1.0,1.0,1.0,5.5,2.5
nominal,unstable__lhp_zero,RL (PID-features),0.10215658922469191,2.0,1.1206945156971232e-06,0.28255253208515685,1.298315815541503,0.0022137656765676564,0.0022070940594059404,0.0022939990099009903,0.0023023960396039607,0.0022939990099009903,12,False,False,,,10.0,5.5,2.0,2.0,10.0,5.5,5.833333333333333
nominal,unstable__lhp_zero,16_16 (rich11),0.0710529359397399,2.0,0.013642541227275267,0.5042757365708372,1.0329740812780261,0.006095881188118812,0.006336014851485149,0.0068098163366336634,0.006823435643564356,0.006809816336633664,12,False,False,,,4.0,5.5,9.0,5.0,6.0,5.5,5.833333333333333
nominal,unstable__lhp_zero,16_16 (compact6),0.07146568766648845,2.0,0.003593110952956243,1.2229794191708145,1.0407968787034148,0.0062397219471947195,0.006298678217821782,0.00673090297029703,0.0068774752475247525,0.006730902970297031,12,False,False,,,7.0,5.5,5.0,9.0,8.0,5.5,6.666666666666667
nominal,unstable__lhp_zero,32_32 (rich11),0.07115933306545062,2.0,0.01429514456972302,0.7352406456162744,1.0231828989827012,0.007028499174917493,0.006930693069306931,0.007500971287128713,0.0077784653465346534,0.007500971287128713,12,False,False,,,5.0,5.5,10.0,8.0,3.0,5.5,6.166666666666667
nominal,unstable__lhp_zero,32_32 (compact6),0.07204050386638852,2.0,0.007400182858185515,0.46267982684076475,1.023859608949455,0.006957096534653466,0.006837663366336634,0.007584718316831682,0.008188950495049505,0.007584718316831682,12,False,False,,,8.0,5.5,6.0,4.0,4.0,5.5,5.5
nominal,unstable__lhp_zero,16_16_16 (rich11),0.07048675898404777,2.0,0.0013311939763482816,0.36711089507523553,1.008303792095535,0.0078093721122112205,0.007838490099009901,0.008255280198019802,0.008455861386138614,0.008255280198019802,12,False,False,,,2.0,5.5,3.0,3.0,2.0,5.5,3.5
nominal,unstable__lhp_zero,16_16_16 (compact6),0.07353155519793286,2.0,0.011563790850311728,0.6380161408090551,1.058325324906122,0.0071029315181518156,0.007384495049504951,0.008217080693069307,0.008370465346534652,0.008217080693069307,12,False,False,,,9.0,5.5,8.0,6.0,9.0,5.5,7.166666666666667
nominal,unstable__lhp_zero,32_32_32 (rich11),0.07105040214031594,2.0,0.009850466722374064,0.6675844397465895,1.0255238089087269,0.008762342409240923,0.008676777227722771,0.009352682673267327,0.009593653465346534,0.009352682673267327,12,False,False,,,3.0,5.5,7.0,7.0,5.0,5.5,5.5
nominal,unstable__lhp_zero,32_32_32 (compact6),0.07122819678470284,2.0,0.0022195229333749535,1.633242783357577,1.0333350976022533,0.008574429867986798,0.008469059405940595,0.00898844702970297,0.00916089108910891,0.00898844702970297,12,False,False,,,6.0,5.5,4.0,10.0,7.0,5.5,6.333333333333333
disturbed,unstable__lhp_zero,MPC,0.07477936612595908,2.0,0.04994125295080407,1.1718486695586559,1.0461931179037371,0.019817278877887787,0.01977372277227723,0.020534919801980196,0.020774752475247526,0.0205349198019802,12,False,False,,,1.0,5.5,8.0,8.0,1.0,5.5,4.833333333333333
disturbed,unstable__lhp_zero,RL (PID-features),0.10731713798153972,2.0,0.029471364835492866,1.3723524584954763,1.2812044434811585,0.002083987623762376,0.0021827574257425745,0.0022234905940594057,0.0022314356435643562,0.0022234905940594057,12,False,False,,,9.0,5.5,1.0,10.0,9.0,5.5,6.666666666666667
disturbed,unstable__lhp_zero,16_16 (rich11),0.07520260138808953,2.0,0.045870132689219245,0.7559270714729852,1.1020349783916676,0.00660231105610561,0.00655259900990099,0.00716549306930693,0.007471118811881188,0.007165493069306929,12,False,False,,,2.0,5.5,7.0,3.0,6.0,5.5,4.833333333333333
disturbed,unstable__lhp_zero,16_16 (compact6),0.07658495638214728,2.0,0.03923394570444568,0.7928761424779204,1.083591041417595,0.006166701320132012,0.006207920792079208,0.00691899603960396,0.007576316831683168,0.006918996039603959,12,False,False,,,5.0,5.5,5.0,4.0,5.0,5.5,5.0
disturbed,unstable__lhp_zero,32_32 (rich11),0.07539890414152219,2.0,0.03362620016148833,1.2014057573937789,1.0787251877289725,0.007030665841584159,0.006976074257425743,0.007314026732673266,0.007644386138613861,0.007314026732673267,12,False,False,,,3.0,5.5,4.0,9.0,3.0,5.5,5.0
disturbed,unstable__lhp_zero,32_32 (compact6),0.07763909043839823,2.0,0.04201411714616571,0.8864853985990461,1.0771530628144539,0.006803940594059406,0.006739688118811881,0.00704069900990099,0.007112623762376237,0.007040699009900991,12,False,False,,,7.0,5.5,6.0,5.0,2.0,5.5,5.166666666666667
disturbed,unstable__lhp_zero,16_16_16 (rich11),0.08589966719576672,2.0,0.08506710800696415,0.6015422508154737,1.1541444072140898,0.007508559405940594,0.007643564356435643,0.00852580594059406,0.00900660396039604,0.00852580594059406,12,False,False,,,8.0,5.5,9.0,2.0,8.0,5.5,6.333333333333333
disturbed,unstable__lhp_zero,16_16_16 (compact6),0.07688404304820534,2.0,0.030982550674345063,1.0529078073044507,1.1045138392482585,0.007018188118811881,0.00736179702970297,0.007929045049504951,0.007942653465346535,0.007929045049504951,12,False,False,,,6.0,5.5,2.0,6.0,7.0,5.5,5.333333333333333
disturbed,unstable__lhp_zero,32_32_32 (rich11),0.07569380990998018,2.0,0.032223066890714434,1.1061656443764076,1.0834764072905183,0.00887451897689769,0.008707099009900991,0.009565429702970297,0.01001649504950495,0.009565429702970297,12,False,False,,,4.0,5.5,3.0,7.0,4.0,5.5,4.833333333333333
disturbed,unstable__lhp_zero,32_32_32 (compact6),0.1560356468584562,2.0,0.17293562009192862,0.5250362164222148,1.4250151685072598,0.008566283003300331,0.008462663366336633,0.00916386287128713,0.009480613861386138,0.00916386287128713,12,False,False,,,10.0,5.5,10.0,1.0,10.0,5.5,7.0
hidden_pole,unstable__lhp_zero,MPC,0.09301744696367503,2.0,7.91038913189407e-09,0.09171154659744803,1.2297963395693325,0.020262995049504948,0.020165014851485148,0.021518935643564358,0.02188242574257426,0.021518935643564358,12,False,False,,,7.0,5.5,1.0,1.0,7.0,5.5,4.5
hidden_pole,unstable__lhp_zero,RL (PID-features),0.1512595621464143,2.0,1.1119377735078592e-06,0.1339113684347322,1.6613109649242779,0.0019154636963696367,0.0018562277227722771,0.0021455000000000003,0.002146861386138614,0.0021455000000000003,12,False,False,,,10.0,5.5,2.0,2.0,10.0,5.5,5.833333333333333
hidden_pole,unstable__lhp_zero,16_16 (rich11),0.0921944571356666,2.0,0.00882689303697077,0.4764423534536403,1.2277641191203026,0.006542183168316833,0.006521866336633663,0.00716769801980198,0.007773514851485149,0.0071676980198019805,12,False,False,,,4.0,5.5,8.0,5.0,6.0,5.5,5.666666666666667
hidden_pole,unstable__lhp_zero,16_16 (compact6),0.0917298825422216,2.0,0.004171408476711828,0.7795022440457248,1.157764696403483,0.005792628712871287,0.006043935643564357,0.00644754504950495,0.006514029702970297,0.00644754504950495,12,False,False,,,2.0,5.5,5.0,9.0,2.0,5.5,4.833333333333333
hidden_pole,unstable__lhp_zero,32_32 (rich11),0.09423751698076577,2.0,0.011887297263596433,0.7396905482322578,1.3584477236501091,0.007020627062706272,0.0069562673267326725,0.007224978217821782,0.007252881188118812,0.007224978217821782,12,False,False,,,9.0,5.5,10.0,8.0,8.0,5.5,7.666666666666667
hidden_pole,unstable__lhp_zero,32_32 (compact6),0.09223765690053919,2.0,0.004832655528145773,0.46227976514644603,1.2179023927828552,0.006886827557755775,0.006786717821782178,0.007363613861386138,0.007393564356435643,0.0073636138613861375,12,False,False,,,5.0,5.5,6.0,4.0,4.0,5.5,5.0
hidden_pole,unstable__lhp_zero,16_16_16 (rich11),0.09169644150413214,2.0,0.0006453414562293758,0.1402960095801791,1.2194625143744198,0.007203279702970297,0.0074278019801980195,0.00785569603960396,0.007882019801980198,0.00785569603960396,12,False,False,,,1.0,5.5,3.0,3.0,5.0,5.5,3.8333333333333335
hidden_pole,unstable__lhp_zero,16_16_16 (compact6),0.09379611198889032,2.0,0.009577039491454296,0.6666419485397724,1.1528719935619043,0.007104992574257426,0.007612415841584158,0.007987029207920791,0.008004950495049505,0.007987029207920791,12,False,False,,,8.0,5.5,9.0,6.0,1.0,5.5,5.833333333333333
hidden_pole,unstable__lhp_zero,32_32_32 (rich11),0.09236099266578167,2.0,0.008184647306102445,0.6762663601898309,1.3707008314981537,0.008858876237623763,0.008614069306930695,0.010023557920792077,0.010917079207920791,0.010023557920792077,12,False,False,,,6.0,5.5,7.0,7.0,9.0,5.5,6.666666666666667
hidden_pole,unstable__lhp_zero,32_32_32 (compact6),0.0917733848380741,2.0,0.00134799072481877,1.5678313063382852,1.2004634777907452,0.008563152640264027,0.008433574257425741,0.009054639603960395,0.009404287128712871,0.009054639603960395,12,False,False,,,3.0,5.5,4.0,10.0,3.0,5.5,5.166666666666667
nominal,unstable__rhp_zero,MPC,0.4531287667344758,2.8658590874178356,1.3382822761788084e-07,0.08801457041253023,1.0818857063068434,0.01983312788778878,0.01968729702970297,0.020646491584158416,0.020931930693069305,0.020646491584158416,12,False,False,,,1.0,5.0,1.0,1.0,1.0,3.0,2.0
nominal,unstable__rhp_zero,RL (PID-features),5.5159635335329735,5.710992950891745,0.023272991695026658,0.22060554876724967,5.0800213192040715,0.0019882087458745873,0.0019063564356435643,0.0022876034653465343,0.0023164158415841583,0.0022876034653465343,12,False,False,,,6.0,6.0,2.0,2.0,10.0,3.0,4.833333333333333
nominal,unstable__rhp_zero,16_16 (rich11),0.5618788544213612,2.585185244525809,0.05500125322435852,2.2939498255291695,1.2714209200924371,0.006543075082508252,0.006569920792079208,0.006992732673267327,0.0070362970297029705,0.006992732673267327,12,False,False,,,3.0,1.0,4.0,6.0,4.0,3.0,3.5
nominal,unstable__rhp_zero,16_16 (compact6),70.82795998093383,34.93469133439198,16.337965055565338,2.823194379735586,1.8613563591635833,0.005873108085808581,0.006061470297029703,0.006448123267326733,0.0066716138613861385,0.006448123267326733,12,True,True,"peak_error,late_escalation",peak_error=34.93>10; tail_rms=16.34>0.2 and tail_g=2.823>1.2,7.0,7.0,7.0,7.0,9.0,8.0,7.5
nominal,unstable__rhp_zero,32_32 (rich11),0.5841019807290997,2.6542676104993674,0.13477194485526608,1.4893346607868563,1.259581494835863,0.007111074257425743,0.007047440594059406,0.007405789603960397,0.00750040594059406,0.007405789603960397,12,False,False,,,4.0,3.0,5.0,4.0,3.0,3.0,3.6666666666666665
nominal,unstable__rhp_zero,32_32 (compact6),0.6531494479268891,2.624431898833301,0.22179659467000087,1.8036255323238755,1.4510615628724954,0.0068742103960396025,0.0067854752475247524,0.007196871287128713,0.007327564356435643,0.007196871287128714,12,True,True,late_escalation,tail_rms=0.2218>0.2 and tail_g=1.804>1.2,5.0,2.0,6.0,5.0,6.0,8.0,5.333333333333333
nominal,unstable__rhp_zero,16_16_16 (rich11),1194.4801311576455,146.65849530439255,67.83517309453049,2.929776155985655,1.6588358122104292,0.007156420792079208,0.007432549504950496,0.008597999504950495,0.009228544554455445,0.008597999504950495,12,True,True,"peak_error,late_escalation",peak_error=146.7>10; tail_rms=67.84>0.2 and tail_g=2.93>1.2,8.0,8.0,8.0,8.0,8.0,8.0,8.0
nominal,unstable__rhp_zero,16_16_16 (compact6),2267.8123980861415,202.79105518409466,93.53032601430928,2.9599540028513736,1.5315321617678852,0.006915085808580857,0.007202559405940594,0.007959864851485149,0.007992990099009901,0.007959864851485149,12,True,True,"peak_error,late_escalation",peak_error=202.8>10; tail_rms=93.53>0.2 and tail_g=2.96>1.2,10.0,10.0,10.0,9.0,7.0,8.0,9.0
nominal,unstable__rhp_zero,32_32_32 (rich11),0.4855689296383396,2.662388099438538,0.053719878843917115,0.8194473603815836,1.139216253302302,0.008785753300330032,0.008742163366336635,0.009187154455445545,0.009231851485148514,0.009187154455445545,12,False,False,,,2.0,4.0,3.0,3.0,2.0,3.0,2.8333333333333335
nominal,unstable__rhp_zero,32_32_32 (compact6),1912.2560389047967,186.65981940362076,85.89841561342696,2.9818395713653945,1.3511687602291071,0.008585567656765675,0.008413366336633664,0.0094838301980198,0.009820544554455446,0.0094838301980198,12,True,True,"peak_error,late_escalation",peak_error=186.7>10; tail_rms=85.9>0.2 and tail_g=2.982>1.2,9.0,9.0,9.0,10.0,5.0,8.0,8.333333333333334
disturbed,unstable__rhp_zero,MPC,0.5415185450435545,2.9062418556265595,0.4804778259355038,1.0502766786613746,1.3171177035133976,0.01992845792079208,0.019662336633663367,0.021473160891089107,0.022110970297029704,0.021473160891089103,12,False,False,,,1.0,4.0,3.0,4.0,2.0,2.5,2.75
disturbed,unstable__rhp_zero,RL (PID-features),5.547628860923069,5.729203039503573,0.1472102733296201,0.44878530554884083,5.1084869586506665,0.0022640948844884485,0.0022578415841584157,0.0023781559405940595,0.0024047029702970297,0.0023781559405940595,12,False,False,,,6.0,6.0,1.0,1.0,10.0,2.5,4.416666666666667
disturbed,unstable__rhp_zero,16_16 (rich11),2.311153272491753,4.489431451285288,2.5026231293244554,1.898297196793645,1.657359670022743,0.006226897689768977,0.006386752475247525,0.0064902039603960395,0.006532178217821782,0.0064902039603960395,12,True,True,late_escalation,tail_rms=2.503>0.2 and tail_g=1.898>1.2,5.0,5.0,6.0,6.0,7.0,7.5,6.083333333333333
disturbed,unstable__rhp_zero,16_16 (compact6),108.00341423859014,43.53670421945051,20.26087783071333,2.828744656843936,2.070136558104779,0.005802254125412541,0.005897693069306931,0.006804924752475248,0.00688819801980198,0.006804924752475249,12,True,True,"peak_error,late_escalation",peak_error=43.54>10; tail_rms=20.26>0.2 and tail_g=2.829>1.2,7.0,7.0,7.0,7.0,9.0,7.5,7.416666666666667
disturbed,unstable__rhp_zero,32_32 (rich11),0.8697573234525849,2.664656072518205,0.909150385167468,0.6718054558584281,1.6467916943804828,0.007052942244224422,0.007009079207920792,0.0075240356435643556,0.007783831683168317,0.0075240356435643556,12,False,False,,,3.0,1.0,4.0,2.0,6.0,2.5,3.0833333333333335
disturbed,unstable__rhp_zero,32_32 (compact6),1.804229280359642,2.6851172686111475,1.842079217515007,1.4921880313876077,1.8816882560632031,0.00691474092409241,0.006802801980198021,0.007461341584158415,0.00816790099009901,0.007461341584158415,12,True,True,late_escalation,tail_rms=1.842>0.2 and tail_g=1.492>1.2,4.0,3.0,5.0,5.0,8.0,7.5,5.416666666666667
disturbed,unstable__rhp_zero,16_16_16 (rich11),1679.103631526099,174.32108423811843,80.46200882948679,2.951276037511692,1.586247220724469,0.007264749174917492,0.0076487227722772284,0.00849950792079208,0.008632019801980197,0.00849950792079208,12,True,True,"peak_error,late_escalation",peak_error=174.3>10; tail_rms=80.46>0.2 and tail_g=2.951>1.2,8.0,8.0,8.0,8.0,5.0,7.5,7.416666666666667
disturbed,unstable__rhp_zero,16_16_16 (compact6),3117.677169444647,238.1464615920968,109.69137876486116,2.973868542768083,1.4605601799645587,0.007664983498349835,0.007658004950495049,0.00786345396039604,0.007908831683168317,0.00786345396039604,12,True,True,"peak_error,late_escalation",peak_error=238.1>10; tail_rms=109.7>0.2 and tail_g=2.974>1.2,9.0,9.0,9.0,9.0,4.0,7.5,7.916666666666667
disturbed,unstable__rhp_zero,32_32_32 (rich11),0.5786439472537802,2.6763196826810365,0.4069621138478272,0.8449443306313433,1.333266693709589,0.008716240099009901,0.008595915841584159,0.009333168316831683,0.009861386138613861,0.009333168316831683,12,False,False,,,2.0,2.0,2.0,3.0,3.0,2.5,2.4166666666666665
disturbed,unstable__rhp_zero,32_32_32 (compact6),3584.4322547236115,255.92545569313165,117.63822466969091,2.9943562402505686,1.3118778632608872,0.008524028877887788,0.008416663366336634,0.009025823267326732,0.009141089108910892,0.009025823267326732,12,True,True,"peak_error,late_escalation",peak_error=255.9>10; tail_rms=117.6>0.2 and tail_g=2.994>1.2,10.0,10.0,10.0,10.0,1.0,7.5,8.083333333333334
hidden_pole,unstable__rhp_zero,MPC,0.5374809502310355,2.629549985418861,0.001375399380908556,0.6513158187345812,1.3809648405910513,0.019891710396039604,0.01979352475247525,0.02058661782178218,0.02066172277227723,0.020586617821782182,12,False,False,,,1.0,4.0,1.0,3.0,2.0,2.5,2.25
hidden_pole,unstable__rhp_zero,RL (PID-features),10.051909993087703,9.056534311518009,0.1496402525133071,0.3707617506569861,7.240999447525796,0.0022172722772277227,0.002091589108910891,0.0027761742574257424,0.0028943861386138614,0.0027761742574257424,12,False,False,,,5.0,5.0,3.0,2.0,10.0,2.5,4.583333333333333
hidden_pole,unstable__rhp_zero,16_16 (rich11),297.84907866124615,72.2257192904265,33.76154401477634,2.827849926033044,1.7876858959461654,0.0059362277227722774,0.006172445544554456,0.006674110891089108,0.006798683168316832,0.0066741108910891075,12,True,True,"peak_error,late_escalation",peak_error=72.23>10; tail_rms=33.76>0.2 and tail_g=2.828>1.2,6.0,6.0,6.0,5.0,7.0,7.5,6.25
hidden_pole,unstable__rhp_zero,16_16 (compact6),26117.420990631686,690.8035220041163,317.58738265377167,2.995026412305083,1.8557868838521703,0.006201116336633664,0.006366133663366337,0.0071291876237623755,0.007661712871287129,0.0071291876237623755,12,True,True,"peak_error,late_escalation",peak_error=690.8>10; tail_rms=317.6>0.2 and tail_g=2.995>1.2,9.0,9.0,9.0,8.0,9.0,7.5,8.583333333333334
hidden_pole,unstable__rhp_zero,32_32 (rich11),0.8972896403005067,2.5123330857476813,0.5977458128286164,0.323299727495308,1.567049569195081,0.007059063531353136,0.007003707920792079,0.007378119801980197,0.007595712871287129,0.007378119801980197,12,False,False,,,3.0,3.0,4.0,1.0,5.0,2.5,3.0833333333333335
hidden_pole,unstable__rhp_zero,32_32 (compact6),1.5538635290809546,2.4919774823136254,0.958181574522632,4.156811790070654,1.846062751879989,0.00683855693069307,0.006787331683168317,0.007121015346534653,0.007466584158415841,0.007121015346534653,12,True,True,late_escalation,tail_rms=0.9582>0.2 and tail_g=4.157>1.2,4.0,2.0,5.0,10.0,8.0,7.5,6.083333333333333
hidden_pole,unstable__rhp_zero,16_16_16 (rich11),23139.184223550143,649.6821924571203,298.8991817455768,2.9870267249029667,1.665905394186043,0.007509076732673269,0.007831069306930692,0.007980199504950495,0.008030118811881188,0.007980199504950495,12,True,True,"peak_error,late_escalation",peak_error=649.7>10; tail_rms=298.9>0.2 and tail_g=2.987>1.2,8.0,8.0,8.0,6.0,6.0,7.5,7.25
hidden_pole,unstable__rhp_zero,16_16_16 (compact6),21427.49207628466,625.3762791112271,287.6465112076602,2.989708948989579,1.531557545637006,0.007807309405940595,0.0077681534653465355,0.00872896188118812,0.009514029702970299,0.00872896188118812,12,True,True,"peak_error,late_escalation",peak_error=625.4>10; tail_rms=287.6>0.2 and tail_g=2.99>1.2,7.0,7.0,7.0,7.0,4.0,7.5,6.583333333333333
hidden_pole,unstable__rhp_zero,32_32_32 (rich11),0.6092252543312141,2.4647313847695123,0.03974855278864652,0.8875783501589248,1.4986434185949324,0.008810197194719472,0.008690589108910891,0.009340513366336633,0.009933168316831683,0.009340513366336633,12,False,False,,,2.0,1.0,2.0,4.0,3.0,2.5,2.4166666666666665
hidden_pole,unstable__rhp_zero,32_32_32 (compact6),40661.11048408543,862.4937817105541,396.29828336073695,3.001023087759437,1.3735256171838626,0.00852561303630363,0.008434613861386138,0.009030981188118813,0.009207514851485148,0.009030981188118813,12,True,True,"peak_error,late_escalation",peak_error=862.5>10; tail_rms=396.3>0.2 and tail_g=3.001>1.2,10.0,10.0,10.0,9.0,1.0,7.5,7.916666666666667
